epoch,train_loss,val_loss,val_ade_m,val_fde_m,lr,time_s
1,0.162686953941981,0.15547046065330505,0.29483357071876526,0.5556319952011108,0.0002991810233575568,0.35031700134277344
2,0.14553900063037872,0.14490434527397156,0.27109476923942566,0.5178810954093933,0.0002967330663097039,0.1487414836883545
3,0.1348262826601664,0.1354607194662094,0.250151127576828,0.48196619749069214,0.0002926829491861254,0.13597941398620605
4,0.1257739712794622,0.12650486826896667,0.22982415556907654,0.4425918459892273,0.00028707504591756876,0.1363670825958252
5,0.11667810628811519,0.11911599338054657,0.2120530754327774,0.4051859378814697,0.0002799707978657736,0.13647890090942383
6,0.10724183917045593,0.11275666952133179,0.19634737074375153,0.37057989835739136,0.0002714480406590546,0.13816547393798828
7,0.10257480293512344,0.10746795684099197,0.1822507530450821,0.33814743161201477,0.00026160015140887043,0.14492058753967285
8,0.09766435871521632,0.10253041982650757,0.16817015409469604,0.3074457049369812,0.0002505350256506493,0.13593149185180664
9,0.0941798413793246,0.09711579978466034,0.15358471870422363,0.27608415484428406,0.0002383738952177247,0.1368708610534668
10,0.0884778102238973,0.09284581243991852,0.1421697735786438,0.2517951726913452,0.00022524999999999995,0.14159703254699707
11,0.08629846821228664,0.08984233438968658,0.13375765085220337,0.23422789573669434,0.00021130712813983212,0.1360149383544922
12,0.08363958944876988,0.08674442023038864,0.1261880099773407,0.21890877187252045,0.0001966980406590546,0.1374506950378418
13,0.07876920451720555,0.0845683291554451,0.12019678950309753,0.20559166371822357,0.00018158279777725497,0.14047479629516602
14,0.08058532575766246,0.08240381628274918,0.1141638457775116,0.19357989728450775,0.00016612700525851418,0.1457655429840088
15,0.07929805914560954,0.0806707888841629,0.10941862314939499,0.18504375219345093,0.0001505,0.1336197853088379
16,0.0769477312763532,0.07937002182006836,0.10587149113416672,0.1785336434841156,0.00013487299474148582,0.13986706733703613
17,0.07593907167514165,0.07829497754573822,0.10298482328653336,0.17356984317302704,0.00011941720222274495,0.13399028778076172
18,0.07356923321882884,0.07699959725141525,0.10049916058778763,0.1688072383403778,0.00010430195934094535,0.13332295417785645
19,0.07334060966968536,0.07634103298187256,0.09922327846288681,0.16491498053073883,8.969287186016788e-05,0.13783693313598633
20,0.0714843620856603,0.07578447461128235,0.0984516590833664,0.16201555728912354,7.575000000000001e-05,0.13384294509887695
21,0.07010746995608012,0.07525011897087097,0.09800244122743607,0.15983831882476807,6.262610478227527e-05,0.13747859001159668
22,0.07056037336587906,0.07482750713825226,0.09769580513238907,0.1583307683467865,5.046497434935073e-05,0.13757848739624023
23,0.07082753131786983,0.0745355635881424,0.09771443158388138,0.1578129678964615,3.939984859112958e-05,0.13573479652404785
24,0.07007615764935811,0.07416529953479767,0.09760765731334686,0.1576450914144516,2.955195934094537e-05,0.1363542079925537
25,0.06922431786855061,0.07382509857416153,0.09718979150056839,0.15695060789585114,2.102920213422641e-05,0.14106202125549316
26,0.06850978980461757,0.07363683730363846,0.09679949283599854,0.15627717971801758,1.3924954082431153e-05,0.13612723350524902
27,0.06902168939510982,0.07352936267852783,0.09652653336524963,0.15583813190460205,8.317050813874547e-06,0.1385807991027832
28,0.06929004192352295,0.07346774637699127,0.09633523970842361,0.15549194812774658,4.266933690296049e-06,0.13615632057189941
29,0.06851974129676819,0.0734347552061081,0.09623044729232788,0.15529952943325043,1.8189766424431264e-06,0.13840436935424805
30,0.06852150211731593,0.0734158381819725,0.09618133306503296,0.1552198827266693,0.0003,0.13720417022705078
31,0.06824855754772823,0.07206915318965912,0.09065800160169601,0.14370261132717133,0.00029979511544580873,0.14777255058288574
32,0.06675182779630025,0.07076355814933777,0.08650414645671844,0.13274210691452026,0.0002991810233575568,0.13602781295776367
33,0.06615028654535611,0.07037611305713654,0.08686349540948868,0.13169868290424347,0.00029815940691897306,0.1363224983215332
34,0.06410739819208781,0.06881088018417358,0.08462106436491013,0.13000304996967316,0.0002967330663097039,0.13218259811401367
35,0.06384852528572083,0.06679212301969528,0.0813564658164978,0.12593872845172882,0.00029490591103021566,0.14047884941101074
36,0.059594119588534035,0.06499283015727997,0.07858258485794067,0.12013567239046097,0.0002926829491861254,0.13690495491027832
37,0.05881127839287122,0.063773974776268,0.07683093845844269,0.11223359405994415,0.0002900702737613316,0.13634419441223145
38,0.05871791889270147,0.06279589235782623,0.07400912046432495,0.10503469407558441,0.00028707504591756876,0.14230608940124512
39,0.059533607214689255,0.06132642179727554,0.07061631232500076,0.09907249361276627,0.00028370547536616097,0.143110990524292
40,0.055942279597123466,0.061017051339149475,0.06975919753313065,0.09673245996236801,0.0002799707978657736,0.13856029510498047
41,0.05532424400250117,0.06068248674273491,0.06765847653150558,0.0936594232916832,0.00027588124990784085,0.14035320281982422
42,0.05534435684482256,0.05920657515525818,0.0641874223947525,0.08771654218435287,0.0002714480406590546,0.13705706596374512
43,0.05372496818502744,0.05712461099028587,0.06019185110926628,0.07905518263578415,0.00026668332123781714,0.14169669151306152
44,0.05217773591478666,0.05585956946015358,0.059038084000349045,0.07569292187690735,0.00026160015140887043,0.13553595542907715
45,0.05237588038047155,0.055222027003765106,0.05630254000425339,0.06882678717374802,0.00025621246378738883,0.15289616584777832
46,0.0513176421324412,0.05466112866997719,0.056052066385746,0.07071821391582489,0.0002505350256506493,0.16644763946533203
47,0.05091555664936701,0.054356105625629425,0.056373707950115204,0.07485877722501755,0.00024458339846195065,0.14298605918884277
48,0.050198450684547424,0.05471011996269226,0.055352386087179184,0.07311725616455078,0.0002383738952177247,0.15083646774291992
49,0.048901441196600594,0.05411972105503082,0.05484109744429588,0.07304687052965164,0.00023192353573474653,0.13563108444213867
50,0.048769732316335045,0.05317649245262146,0.05452309176325798,0.07126396149396896,0.00022524999999999995,0.13460397720336914
51,0.04704455534617106,0.05257020518183708,0.05354200303554535,0.06941456347703934,0.0002183715797110622,0.1407184600830078
52,0.04790827011068662,0.05232512205839157,0.051466815173625946,0.06690923869609833,0.00021130712813983212,0.13771462440490723
53,0.04599718376994133,0.05194795876741409,0.05092533677816391,0.06615158915519714,0.00020407600845702238,0.1385197639465332
54,0.046893211702505745,0.05119955912232399,0.05112310126423836,0.06620527058839798,0.0001966980406590546,0.13706302642822266
55,0.0454703780512015,0.05076994746923447,0.0526459738612175,0.06907825171947479,0.00018919344724282683,0.14432954788208008
56,0.04449442153175672,0.05075771361589432,0.050357457250356674,0.06436029821634293,0.00018158279777725497,0.14058613777160645
57,0.042533272256453834,0.05056464672088623,0.05062073841691017,0.06767845153808594,0.00017388695252351449,0.1377265453338623
58,0.043816628555456795,0.05008099600672722,0.05216753110289574,0.07258839905261993,0.00016612700525851418,0.13953089714050293
59,0.044806985805432,0.04953023046255112,0.05097152665257454,0.06906799972057343,0.00015832422545832006,0.14050006866455078
60,0.04322327425082525,0.04876341670751572,0.04923238977789879,0.06464340537786484,0.0001505,0.14033174514770508
61,0.043509782602389656,0.04860673472285271,0.04773104563355446,0.06239224597811699,0.0001426757745416799,0.1375734806060791
62,0.042819214363892875,0.04825311154127121,0.047320906072854996,0.0629451647400856,0.00013487299474148582,0.15213584899902344
63,0.04345677544673284,0.0476740337908268,0.04900768771767616,0.06782302260398865,0.00012711304747648546,0.1370224952697754
64,0.04133725787202517,0.047351330518722534,0.05174337327480316,0.0744323655962944,0.00011941720222274495,0.13887429237365723
65,0.04291000341375669,0.047152623534202576,0.04963483288884163,0.06894201785326004,0.00011180655275717314,0.13384628295898438
66,0.041764844208955765,0.04707381874322891,0.04725563898682594,0.06225738301873207,0.00010430195934094535,0.13796639442443848
67,0.04089179138342539,0.04684998467564583,0.04791637137532234,0.06321707367897034,9.692399154297759e-05,0.15206241607666016
68,0.04097165043155352,0.04659247398376465,0.049410007894039154,0.06645064055919647,8.969287186016788e-05,0.13297700881958008
69,0.041058038671811424,0.046335794031620026,0.04991293326020241,0.0679844319820404,8.262842028893775e-05,0.14609289169311523
70,0.04000051816304525,0.0460241325199604,0.048224564641714096,0.0652041807770729,7.575000000000001e-05,0.16382813453674316
71,0.03916791453957558,0.045923128724098206,0.04693426191806793,0.06285706162452698,6.907646426525348e-05,0.1364583969116211
72,0.03981600950161616,0.04578203707933426,0.04602178558707237,0.06020064651966095,6.262610478227527e-05,0.13681674003601074
73,0.04078789676229159,0.045661211013793945,0.04634568467736244,0.05997633934020996,5.6416601538049315e-05,0.13875603675842285
74,0.039626789589722954,0.04562896490097046,0.04719812050461769,0.061428990215063095,5.046497434935073e-05,0.13521146774291992
75,0.03922648479541143,0.04567020758986473,0.04766680300235748,0.06269046664237976,4.478753621261114e-05,0.14301824569702148
76,0.03939235955476761,0.045665621757507324,0.04788776859641075,0.06347841769456863,3.939984859112958e-05,0.13813328742980957
77,0.03977855667471886,0.045632388442754745,0.047419846057891846,0.06289234012365341,3.431667876218284e-05,0.14141631126403809
78,0.03938925887147585,0.04558228328824043,0.046979501843452454,0.062298402190208435,2.955195934094537e-05,0.15270113945007324
79,0.03901675467689832,0.04552745446562767,0.04681307077407837,0.062069106847047806,2.5118750092159117e-05,0.1400165557861328
80,0.03964407245318095,0.045483171939849854,0.046526823192834854,0.06150230020284653,2.102920213422641e-05,0.1374068260192871
81,0.039741611729065575,0.04543699324131012,0.04665139317512512,0.061697155237197876,1.7294524633839014e-05,0.13789772987365723
82,0.039093432327111564,0.045383140444755554,0.04692360758781433,0.06223553791642189,1.3924954082431153e-05,0.14598393440246582
83,0.038532630850871406,0.045323699712753296,0.04726254567503929,0.06291967630386353,1.0929726238668339e-05,0.1378312110900879
84,0.03878660127520561,0.045274171978235245,0.04748985916376114,0.06338736414909363,8.317050813874547e-06,0.13890862464904785
85,0.039411297688881554,0.04522513970732689,0.04758617654442787,0.06365098804235458,6.094088969784286e-06,0.13587021827697754
86,0.040843866765499115,0.04518774896860123,0.047601521015167236,0.06373259425163269,4.266933690296049e-06,0.13345932960510254
87,0.03865079954266548,0.04516096040606499,0.047611210495233536,0.06376252323389053,2.8405930810269197e-06,0.13879132270812988
88,0.03869348888595899,0.04513999819755554,0.04763513803482056,0.06380527466535568,1.8189766424431264e-06,0.14764952659606934
89,0.03952635079622269,0.04512824863195419,0.04765617847442627,0.06384838372468948,1.204884554191212e-06,0.14886116981506348
90,0.03995440527796745,0.04512123763561249,0.04765993729233742,0.06385647505521774,0.0003,0.13840579986572266
91,0.0382219006617864,0.04452473670244217,0.04878092557191849,0.06474663317203522,0.0002999487700838458,0.14331436157226562
92,0.03966399778922399,0.04456328600645065,0.049455925822257996,0.06900203973054886,0.00029979511544580873,0.1347668170928955
93,0.03822761898239454,0.04475439339876175,0.04617772996425629,0.06276106089353561,0.0002995391413931026,0.14299726486206055
94,0.03779445836941401,0.04463919252157211,0.048871126025915146,0.06946023553609848,0.0002991810233575568,0.14699816703796387
95,0.0389895960688591,0.04365922510623932,0.044214408844709396,0.05895576626062393,0.0002987210067753846,0.1365814208984375
96,0.03915795808037122,0.04332101345062256,0.04335813596844673,0.05514098331332207,0.00029815940691897306,0.1574852466583252
97,0.03833432992299398,0.04321107268333435,0.04872014746069908,0.06824512034654617,0.0002974966086808112,0.13581371307373047
98,0.037217470506827034,0.04260023310780525,0.046601079404354095,0.0644296333193779,0.0002967330663097039,0.1531810760498047
99,0.0363242452343305,0.04245825111865997,0.04347064346075058,0.05669024586677551,0.00029586930309945264,0.1470928192138672
100,0.037084247916936874,0.042017243802547455,0.0472772940993309,0.0645693838596344,0.00029490591103021566,0.14487195014953613
101,0.037270656476418175,0.04178155958652496,0.04611881822347641,0.0597502700984478,0.00029384355036279485,0.15448379516601562
102,0.036973580718040466,0.04127543419599533,0.044362206012010574,0.05690186470746994,0.0002926829491861254,0.15778136253356934
103,0.036189292867978416,0.04119594022631645,0.04120677337050438,0.055297791957855225,0.00029142490291828065,0.13679146766662598
104,0.03592318668961525,0.04079027473926544,0.0410986952483654,0.054279521107673645,0.0002900702737613316,0.13869476318359375
105,0.035595895101626716,0.04040589928627014,0.03955022245645523,0.05317264050245285,0.0002886199901104373,0.14359331130981445
106,0.034150282541910805,0.040369533002376556,0.03846520557999611,0.0530904158949852,0.00028707504591756876,0.13371062278747559
107,0.034138439844051995,0.04001414030790329,0.04311838746070862,0.05831712856888771,0.0002854365000103042,0.13422203063964844
108,0.03439827884236971,0.039722561836242676,0.042161744087934494,0.05596311390399933,0.00028370547536616097,0.1410515308380127
109,0.033934030681848526,0.040366239845752716,0.04353795945644379,0.0593554750084877,0.00028188315834296377,0.13875794410705566
110,0.03504062071442604,0.03936580568552017,0.040281299501657486,0.054190944880247116,0.0002799707978657736,0.13814687728881836
111,0.03363125895460447,0.03873024135828018,0.0413997620344162,0.05643349885940552,0.0002779697045709368,0.13605594635009766
112,0.03360939398407936,0.03929857909679413,0.04397470876574516,0.0626901239156723,0.00027588124990784085,0.1412646770477295
113,0.032562147825956345,0.0390990674495697,0.0411512665450573,0.05733610317111015,0.0002737068651989913,0.13535761833190918
114,0.033158641308546066,0.038766104727983475,0.04211334139108658,0.0548999086022377,0.0002714480406590546,0.13437366485595703
115,0.03333221500118574,0.03861503303050995,0.04677595943212509,0.06343330442905426,0.00026910632437353966,0.14610075950622559
116,0.03335887317856153,0.038527727127075195,0.04372856393456459,0.05930843949317932,0.00026668332123781714,0.13882970809936523
117,0.03281421214342117,0.03842443227767944,0.039637740701436996,0.054757215082645416,0.00026418069185720465,0.13617658615112305
118,0.03348620111743609,0.037899769842624664,0.04068387299776077,0.05670495331287384,0.00026160015140887043,0.1389169692993164
119,0.03329539547363917,0.03751015290617943,0.041917044669389725,0.056322939693927765,0.000258943468466337,0.13944292068481445
120,0.03291782736778259,0.0374259315431118,0.03640061244368553,0.04520944505929947,0.00025621246378738883,0.14260149002075195
121,0.03285439188281695,0.036858368664979935,0.03857208788394928,0.051401980221271515,0.0002534090090662162,0.13976526260375977
122,0.03068969026207924,0.037060998380184174,0.04425228014588356,0.0628947839140892,0.0002505350256506493,0.14586663246154785
123,0.031171267852187157,0.03716791421175003,0.04305989667773247,0.06193457543849945,0.00024759248322536243,0.13850784301757812
124,0.03130854542056719,0.03683682531118393,0.03748161718249321,0.04966701194643974,0.00024458339846195065,0.1436607837677002
125,0.030721892913182575,0.03651374578475952,0.03926043584942818,0.04747568815946579,0.0002415098336368037,0.13913202285766602
126,0.02965287243326505,0.036336254328489304,0.04008600488305092,0.051506854593753815,0.0002383738952177247,0.14798665046691895
127,0.0303906612098217,0.03641285002231598,0.03867712989449501,0.054540567100048065,0.00023517773242026248,0.1518404483795166
128,0.030266307294368744,0.03624724969267845,0.04089195653796196,0.06132906675338745,0.00023192353573474653,0.14479613304138184
129,0.029666775837540627,0.0356082059442997,0.04073207080364227,0.05812064930796623,0.0002286135354250343,0.13396549224853516
130,0.03138188955684503,0.03541309013962746,0.036756329238414764,0.04508737102150917,0.00022524999999999995,0.1435987949371338
131,0.030202943210800488,0.03603807091712952,0.03687925264239311,0.04661336541175842,0.00022183523465881143,0.14045214653015137
132,0.03061409294605255,0.035889074206352234,0.04134152829647064,0.05893247574567795,0.0002183715797110622,0.14682888984680176
133,0.029410821696122486,0.03551878780126572,0.038657817989587784,0.055272623896598816,0.0002148614089728401,0.14343738555908203
134,0.029157893111308415,0.03508339822292328,0.03675202280282974,0.048209916800260544,0.00021130712813983212,0.13991069793701172
135,0.029212893297274906,0.03472556173801422,0.03886337950825691,0.051506657153367996,0.00020771117313858088,0.13599896430969238
136,0.02953711835046609,0.035067204385995865,0.040709517896175385,0.05930361524224281,0.00020407600845702238,0.14300155639648438
137,0.02848794621725877,0.034528858959674835,0.03728063777089119,0.05172315239906311,0.0002004041254554487,0.13773798942565918
138,0.029837910706798237,0.034351687878370285,0.037233736366033554,0.05281423404812813,0.0001966980406590546,0.14244651794433594
139,0.0298864742120107,0.03464207798242569,0.04121038690209389,0.05963106453418732,0.00019296029403323642,0.14826250076293945
140,0.028472259640693665,0.034966111183166504,0.041148219257593155,0.05789613723754883,0.00018919344724282683,0.1434018611907959
141,0.029044862215717632,0.034833624958992004,0.04039114713668823,0.05845025181770325,0.00018540008189645783,0.13783645629882812
142,0.026682525873184204,0.0336746871471405,0.03833673149347305,0.05395454540848732,0.00018158279777725497,0.1435854434967041
143,0.02788140873114268,0.033517561852931976,0.03867069259285927,0.054687365889549255,0.00017774421106107603,0.13949990272521973
144,0.026678593829274178,0.033656537532806396,0.038735728710889816,0.054627567529678345,0.00017388695252351449,0.14310503005981445
145,0.027997862547636032,0.03394694626331329,0.03852369636297226,0.05458864942193031,0.00017001366573689768,0.13487577438354492
1,0.1666093518336614,0.15943507850170135,0.30003371834754944,0.5646335482597351,0.0002991810233575568,0.43352365493774414
2,0.1478501707315445,0.1504451036453247,0.2800740599632263,0.5327929854393005,0.0002967330663097039,0.16845917701721191
3,0.13909843067328134,0.1421855092048645,0.261568158864975,0.4998270869255066,0.0002926829491861254,0.17592883110046387
4,0.12771901488304138,0.13419774174690247,0.2439919412136078,0.4669343829154968,0.00028707504591756876,0.16643381118774414
5,0.11950304607550304,0.12657469511032104,0.22659826278686523,0.43295833468437195,0.0002799707978657736,0.16436409950256348
6,0.1134870449701945,0.1204112246632576,0.21000494062900543,0.39925557374954224,0.0002714480406590546,0.1687612533569336
7,0.10647538801034291,0.11525364220142365,0.1958041787147522,0.36839160323143005,0.00026160015140887043,0.1681046485900879
8,0.1016100545724233,0.11068162322044373,0.18310749530792236,0.3405147194862366,0.0002505350256506493,0.1641557216644287
9,0.09965189049641292,0.10583808273077011,0.17001304030418396,0.3141988515853882,0.0002383738952177247,0.18161773681640625
10,0.09498569866021474,0.10185859352350235,0.1598796397447586,0.29476994276046753,0.00022524999999999995,0.16394519805908203
11,0.09205383062362671,0.09874293953180313,0.15151867270469666,0.2794961929321289,0.00021130712813983212,0.16536450386047363
12,0.088833952943484,0.0959664136171341,0.14438818395137787,0.2648239731788635,0.0001966980406590546,0.16483759880065918
13,0.08721922586361568,0.09345804899930954,0.13802051544189453,0.24952387809753418,0.00018158279777725497,0.16726016998291016
14,0.08553228278954823,0.09129409492015839,0.13209912180900574,0.23458202183246613,0.00016612700525851418,0.1659986972808838
15,0.082095002134641,0.08929159492254257,0.1270028054714203,0.2228907197713852,0.0001505,0.16669654846191406
16,0.08226465433835983,0.08753494918346405,0.12301356345415115,0.21328987181186676,0.00013487299474148582,0.16370415687561035
17,0.08169115831454594,0.08591954410076141,0.11902033537626266,0.20533530414104462,0.00011941720222274495,0.16695451736450195
18,0.07933419942855835,0.08484169095754623,0.11625390499830246,0.20041526854038239,0.00010430195934094535,0.16334199905395508
19,0.07784780611594518,0.08381286263465881,0.1133938655257225,0.19522011280059814,8.969287186016788e-05,0.17272281646728516
20,0.0785606602827708,0.08293472230434418,0.11112179607152939,0.19061681628227234,7.575000000000001e-05,0.1627974510192871
21,0.07392295946677525,0.08232167363166809,0.10972663015127182,0.1871597170829773,6.262610478227527e-05,0.1608600616455078
22,0.07492685566345851,0.08194564282894135,0.10909177362918854,0.1850987821817398,5.046497434935073e-05,0.1666576862335205
23,0.07576111952463786,0.08165077865123749,0.10855641216039658,0.18342849612236023,3.939984859112958e-05,0.16799378395080566
24,0.07445619503657024,0.08136467635631561,0.10794345289468765,0.18178777396678925,2.955195934094537e-05,0.16938567161560059
25,0.07429338743289311,0.08115226030349731,0.10737773030996323,0.1803024411201477,2.102920213422641e-05,0.17810297012329102
26,0.07383560140927632,0.08097866922616959,0.10694028437137604,0.17924217879772186,1.3924954082431153e-05,0.1691455841064453
27,0.07583893338839214,0.08084868639707565,0.10666374862194061,0.17864346504211426,8.317050813874547e-06,0.16751766204833984
28,0.07427198439836502,0.08078154176473618,0.10650770366191864,0.17832954227924347,4.266933690296049e-06,0.17052459716796875
29,0.07300509512424469,0.08074318617582321,0.10642711073160172,0.17816072702407837,1.8189766424431264e-06,0.19409894943237305
30,0.0738722359140714,0.0807267427444458,0.10639585554599762,0.17810429632663727,0.0003,0.17166543006896973
31,0.0737884243329366,0.07920750975608826,0.1014479324221611,0.16780205070972443,0.00029979511544580873,0.1723191738128662
32,0.07354811082283656,0.07747573405504227,0.09613612294197083,0.15396910905838013,0.0002991810233575568,0.16839957237243652
33,0.07183827956517537,0.07581650465726852,0.08952073752880096,0.13809651136398315,0.00029815940691897306,0.17548632621765137
34,0.0724314550558726,0.07428110390901566,0.08773805946111679,0.13378605246543884,0.0002967330663097039,0.16397500038146973
35,0.06837998578945796,0.07323267310857773,0.0880049541592598,0.13428287208080292,0.00029490591103021566,0.18004202842712402
36,0.06713948398828506,0.0726882591843605,0.08829496055841446,0.135994553565979,0.0002926829491861254,0.17302274703979492
37,0.06653076161940892,0.07181615382432938,0.08538114279508591,0.12649491429328918,0.0002900702737613316,0.16695261001586914
38,0.06365094582239787,0.07070208340883255,0.08291268348693848,0.12106232345104218,0.00028707504591756876,0.17701196670532227
39,0.0640359769264857,0.06820133328437805,0.07925806194543839,0.11751706153154373,0.00028370547536616097,0.16426968574523926
40,0.06336121261119843,0.06702125817537308,0.07683965563774109,0.11561085283756256,0.0002799707978657736,0.17252826690673828
41,0.06071383009354273,0.06619637459516525,0.07365373522043228,0.110059954226017,0.00027588124990784085,0.16884922981262207
42,0.05931087831656138,0.06581223011016846,0.07186513394117355,0.10555760562419891,0.0002714480406590546,0.17319798469543457
43,0.06028720115621885,0.06547902524471283,0.0715232565999031,0.10671643167734146,0.00026668332123781714,0.17322087287902832
44,0.0602074625591437,0.06434307247400284,0.07111698389053345,0.10646552592515945,0.00026160015140887043,0.16323375701904297
45,0.058300867676734924,0.06336919963359833,0.070732481777668,0.1047632172703743,0.00025621246378738883,0.16842126846313477
46,0.0557415634393692,0.06240193918347359,0.06998223066329956,0.10060624033212662,0.0002505350256506493,0.1687757968902588
47,0.05609554797410965,0.06132856011390686,0.06748735904693604,0.09657484292984009,0.00024458339846195065,0.17916321754455566
48,0.055405713617801666,0.06100939214229584,0.06520110368728638,0.0947054848074913,0.0002383738952177247,0.18266081809997559
49,0.05609232559800148,0.060335319489240646,0.0631672739982605,0.09123434871435165,0.00023192353573474653,0.16753458976745605
50,0.05525672063231468,0.05908123403787613,0.05945022776722908,0.08320315927267075,0.00022524999999999995,0.17736339569091797
51,0.053393026192982994,0.05811210721731186,0.05786615237593651,0.07960809767246246,0.0002183715797110622,0.1688849925994873
52,0.051370964696009956,0.0570790059864521,0.0583643913269043,0.07920732349157333,0.00021130712813983212,0.16874408721923828
53,0.05166991800069809,0.05715430900454521,0.06185387074947357,0.08613871783018112,0.00020407600845702238,0.1748063564300537
54,0.05098237842321396,0.057283513247966766,0.06135762110352516,0.08811546117067337,0.0001966980406590546,0.17057180404663086
55,0.05098597829540571,0.057382963597774506,0.05908811837434769,0.08536726981401443,0.00018919344724282683,0.17119717597961426
56,0.04980386048555374,0.0566696859896183,0.05573716759681702,0.07864698022603989,0.00018158279777725497,0.16501951217651367
57,0.049764356265465416,0.05566413328051567,0.05411868914961815,0.0737188309431076,0.00017388695252351449,0.16504144668579102
58,0.04945612574617068,0.05505317449569702,0.05398079752922058,0.07264379411935806,0.00016612700525851418,0.16429448127746582
59,0.047688143948713936,0.0551043264567852,0.054046906530857086,0.07363537698984146,0.00015832422545832006,0.1674959659576416
60,0.04828380544980367,0.054500654339790344,0.05300591513514519,0.07314137369394302,0.0001505,0.1677696704864502
61,0.048467934131622314,0.053989581763744354,0.052222706377506256,0.07237900793552399,0.0001426757745416799,0.19124865531921387
62,0.04780021930734316,0.053677354007959366,0.0511314682662487,0.07041584700345993,0.00013487299474148582,0.16529488563537598
63,0.047346729785203934,0.05335896089673042,0.05052774399518967,0.06923562288284302,0.00012711304747648546,0.16553187370300293
64,0.04661930724978447,0.053248777985572815,0.05044286325573921,0.06880459934473038,0.00011941720222274495,0.16880345344543457
65,0.04480072855949402,0.053237903863191605,0.0507340133190155,0.06878677010536194,0.00011180655275717314,0.17409396171569824
66,0.04561753819386164,0.05311182141304016,0.049811266362667084,0.06793912500143051,0.00010430195934094535,0.16949200630187988
67,0.046080246567726135,0.05263594910502434,0.048705339431762695,0.06633541733026505,9.692399154297759e-05,0.1662123203277588
68,0.044194081177314125,0.05218686908483505,0.04813995212316513,0.06520866602659225,8.969287186016788e-05,0.1698911190032959
69,0.045084322492281594,0.05188290774822235,0.04850289225578308,0.06583285331726074,8.262842028893775e-05,0.17005348205566406
70,0.04513569176197052,0.05156460404396057,0.04835983365774155,0.0653906762599945,7.575000000000001e-05,0.16523408889770508
71,0.044783069441715874,0.05142781138420105,0.04822926223278046,0.06474475562572479,6.907646426525348e-05,0.1697230339050293
72,0.04579532022277514,0.05122268199920654,0.04816601052880287,0.06445260345935822,6.262610478227527e-05,0.17246127128601074
73,0.04545571034153303,0.05089913308620453,0.04797341674566269,0.06450455635786057,5.6416601538049315e-05,0.16671466827392578
74,0.04593798145651817,0.050572413951158524,0.047684311866760254,0.06375565379858017,5.046497434935073e-05,0.16886305809020996
75,0.04496274764339129,0.05044444277882576,0.04779611527919769,0.06338643282651901,4.478753621261114e-05,0.17086172103881836
76,0.044116340577602386,0.05032634362578392,0.04777197539806366,0.06345894187688828,3.939984859112958e-05,0.1712493896484375
77,0.04507144292195638,0.05022779107093811,0.04761159420013428,0.06369089335203171,3.431667876218284e-05,0.16817760467529297
78,0.04315094898144404,0.050183989107608795,0.04734709486365318,0.06359665095806122,2.955195934094537e-05,0.16910481452941895
79,0.043007424722115196,0.05018267035484314,0.04718827083706856,0.0635354220867157,2.5118750092159117e-05,0.18814730644226074
80,0.04500259459018707,0.05019576475024223,0.047192152589559555,0.0640191063284874,2.102920213422641e-05,0.17267584800720215
81,0.04408255716164907,0.050179656594991684,0.047216448932886124,0.06433022767305374,1.7294524633839014e-05,0.17536067962646484
82,0.04302305355668068,0.05014718696475029,0.047227587550878525,0.06446579843759537,1.3924954082431153e-05,0.16785860061645508
83,0.04416915153463682,0.05012925714254379,0.04705095291137695,0.06422640383243561,1.0929726238668339e-05,0.16706037521362305
84,0.04413070405522982,0.05009967088699341,0.04697849974036217,0.06412681192159653,8.317050813874547e-06,0.1658158302307129
85,0.04194589455922445,0.05007132515311241,0.04692808538675308,0.06406350433826447,6.094088969784286e-06,0.16610097885131836
86,0.04296187808116277,0.05004623904824257,0.04690258577466011,0.06397679448127747,4.266933690296049e-06,0.1707768440246582
87,0.04396039123336474,0.05003069341182709,0.04689081758260727,0.06392738968133926,2.8405930810269197e-06,0.1657695770263672
88,0.043437873323758446,0.050020039081573486,0.04689112678170204,0.06388310343027115,1.8189766424431264e-06,0.16621160507202148
89,0.043947203705708184,0.05000939965248108,0.0468841977417469,0.06383311003446579,1.204884554191212e-06,0.16396164894104004
90,0.04322959606846174,0.05000273138284683,0.04688291251659393,0.0638122484087944,0.0003,0.16559123992919922
91,0.042105441292126976,0.04985430836677551,0.04775413125753403,0.0637364611029625,0.0002999487700838458,0.17091083526611328
92,0.044688561310370765,0.04977627098560333,0.045272380113601685,0.06127406284213066,0.00029979511544580873,0.16640567779541016
93,0.04168011744817098,0.04940648004412651,0.044594962149858475,0.06069203466176987,0.0002995391413931026,0.18308687210083008
94,0.04335269952813784,0.048250921070575714,0.04728446900844574,0.0650811567902565,0.0002991810233575568,0.17690443992614746
95,0.043173866967360176,0.04825587570667267,0.046298325061798096,0.06264406442642212,0.0002987210067753846,0.18614840507507324
96,0.04162026817599932,0.048128776252269745,0.04738059639930725,0.06579841673374176,0.00029815940691897306,0.16949009895324707
97,0.042719706892967224,0.04703191667795181,0.04201006516814232,0.05750288441777229,0.0002974966086808112,0.16965246200561523
98,0.04086028536160787,0.04634428024291992,0.04306001588702202,0.05715318024158478,0.0002967330663097039,0.16864442825317383
99,0.04039205859104792,0.04669106751680374,0.045652810484170914,0.06276290863752365,0.00029586930309945264,0.1917552947998047
100,0.04220290978749593,0.046760670840740204,0.043755654245615005,0.057903289794921875,0.00029490591103021566,0.17223596572875977
101,0.04062570258975029,0.04551004245877266,0.04292851686477661,0.057894833385944366,0.00029384355036279485,0.1654832363128662
102,0.03953578074773153,0.04506836086511612,0.042788174003362656,0.05896860361099243,0.0002926829491861254,0.17022371292114258
103,0.038843086610237755,0.04499685764312744,0.03721722587943077,0.04534829780459404,0.00029142490291828065,0.1771984100341797
104,0.04021433119972547,0.04527541249990463,0.04280823841691017,0.06006663292646408,0.0002900702737613316,0.17021465301513672
105,0.038953100641568504,0.044954534620046616,0.04843202233314514,0.07120620459318161,0.0002886199901104373,0.16615843772888184
106,0.03890735035141309,0.04500063508749008,0.045352768152952194,0.06114664673805237,0.00028707504591756876,0.16704106330871582
107,0.03794794405500094,0.04460602626204491,0.04273775592446327,0.0603845939040184,0.0002854365000103042,0.16709232330322266
108,0.03788551315665245,0.044626686722040176,0.038068629801273346,0.052610646933317184,0.00028370547536616097,0.16615772247314453
109,0.03716466948390007,0.0437292717397213,0.03635035827755928,0.047403447329998016,0.00028188315834296377,0.17795348167419434
110,0.03765810405214628,0.04260346293449402,0.04302380234003067,0.05917693302035332,0.0002799707978657736,0.17819809913635254
111,0.03798851122458776,0.04251066595315933,0.043056923896074295,0.060505710542201996,0.0002779697045709368,0.16768932342529297
112,0.03621247038245201,0.04296889901161194,0.04312808811664581,0.060223910957574844,0.00027588124990784085,0.16864395141601562
113,0.0368588517109553,0.042696502059698105,0.04450150579214096,0.0638015866279602,0.0002737068651989913,0.16840672492980957
114,0.03610525528589884,0.0420687161386013,0.04322570934891701,0.060826439410448074,0.0002714480406590546,0.16680598258972168
115,0.03617364913225174,0.04196123778820038,0.04246261343359947,0.06075911223888397,0.00026910632437353966,0.16784143447875977
116,0.037048538525899254,0.04176006093621254,0.042999811470508575,0.06327136605978012,0.00026668332123781714,0.17757225036621094
117,0.03571382289131483,0.04104287922382355,0.04064536467194557,0.0575173944234848,0.00026418069185720465,0.16789579391479492
118,0.03552830219268799,0.04131258651614189,0.04222482070326805,0.0600057914853096,0.00026160015140887043,0.17188739776611328
119,0.034356137116750084,0.041444081813097,0.04132441058754921,0.05966411530971527,0.000258943468466337,0.16670918464660645
120,0.036406490951776505,0.0407867468893528,0.036502908915281296,0.04907049611210823,0.00025621246378738883,0.1676647663116455
121,0.03536458189288775,0.04044029861688614,0.03704855218529701,0.05024637654423714,0.0002534090090662162,0.16450905799865723
122,0.03426655506094297,0.040218841284513474,0.03825704753398895,0.054879698902368546,0.0002505350256506493,0.17153143882751465
123,0.03278214546541373,0.0409424751996994,0.0388912633061409,0.057530879974365234,0.00024759248322536243,0.16950511932373047
124,0.033479190121094383,0.04084913432598114,0.038542963564395905,0.059463001787662506,0.00024458339846195065,0.1657848358154297
125,0.0333655501405398,0.04036647826433182,0.03773129731416702,0.058439552783966064,0.0002415098336368037,0.17613768577575684
126,0.03328507269422213,0.039972901344299316,0.03616063669323921,0.051550690084695816,0.0002383738952177247,0.16602110862731934
127,0.034122779965400696,0.03976693004369736,0.03562353923916817,0.04566472768783569,0.00023517773242026248,0.16987085342407227
128,0.03380519896745682,0.03950844332575798,0.03814300149679184,0.0523802787065506,0.00023192353573474653,0.17216134071350098
129,0.034330084919929504,0.0389220267534256,0.04002901539206505,0.05487142503261566,0.0002286135354250343,0.19367218017578125
130,0.032052418837944664,0.03868647292256355,0.03766731172800064,0.051078684628009796,0.00022524999999999995,0.16987133026123047
131,0.03325642397006353,0.038610879331827164,0.03673779219388962,0.05162535980343819,0.00022183523465881143,0.19110703468322754
132,0.03263411236306032,0.03924643248319626,0.0406230166554451,0.0619107224047184,0.0002183715797110622,0.19234991073608398
133,0.03225157409906387,0.03914637118577957,0.034659989178180695,0.048299215734004974,0.0002148614089728401,0.17378735542297363
134,0.033815499395132065,0.03862815722823143,0.035326771438121796,0.04612339287996292,0.00021130712813983212,0.17462849617004395
135,0.0331710030635198,0.03867979347705841,0.0408560112118721,0.05976824462413788,0.00020771117313858088,0.1664714813232422
136,0.03125626966357231,0.039016932249069214,0.04171914607286453,0.06368272751569748,0.00020407600845702238,0.16492748260498047
137,0.033500573287407555,0.038308851420879364,0.03498081862926483,0.045974962413311005,0.0002004041254554487,0.16733908653259277
138,0.03124165100355943,0.038309141993522644,0.040103279054164886,0.05151178315281868,0.0001966980406590546,0.16978764533996582
139,0.03326533858974775,0.03801951929926872,0.040823619812726974,0.05445900559425354,0.00019296029403323642,0.17009496688842773
140,0.031712024162213005,0.03807862102985382,0.03525381535291672,0.04892202466726303,0.00018919344724282683,0.1708064079284668
141,0.03265133872628212,0.03790299966931343,0.035286806523799896,0.049944084137678146,0.00018540008189645783,0.1846303939819336
142,0.030545984705289204,0.037952862679958344,0.038078077137470245,0.05515548214316368,0.00018158279777725497,0.17690730094909668
143,0.03182563496132692,0.03764420747756958,0.039261821657419205,0.0563698410987854,0.00017774421106107603,0.1720576286315918
144,0.030913283427556355,0.037927307188510895,0.04116619750857353,0.06021617352962494,0.00017388695252351449,0.17331242561340332
145,0.031240737065672874,0.03771105036139488,0.03834841027855873,0.0545942559838295,0.00017001366573689768,0.16377663612365723
146,0.03125658010443052,0.037603072822093964,0.03503905236721039,0.04988108575344086,0.00016612700525851418,0.16802477836608887
147,0.031501842041810356,0.03766621649265289,0.03424270451068878,0.04953770339488983,0.0001622296348113128,0.17041301727294922
148,0.03177342750132084,0.037389472126960754,0.03560980036854744,0.05286440625786781,0.00015832422545832006,0.1678602695465088
149,0.029624503726760548,0.037382692098617554,0.03977304324507713,0.06091282516717911,0.000154413453772027,0.17070913314819336
150,0.03079924297829469,0.037051375955343246,0.0395515002310276,0.05856335908174515,0.0001505,0.1760571002960205
1,0.12776079346779093,0.12237626207726342,0.1801275284517379,0.32660452489342007,0.0004986332128943842,1.8983097076416016
2,0.12322125869706788,0.12072038189286277,0.17777152288527714,0.32433091529778074,0.0004945478263830845,1.7808818817138672
3,0.12160239975642541,0.1202661677130631,0.17579983387674605,0.32304126556430546,0.00048778860081564085,1.63680100440979
4,0.1206848178187321,0.11882942666610082,0.17435640132143385,0.32052749147017795,0.0004784295916818289,1.611762523651123
5,0.11955571344828811,0.11949817641150384,0.17617831627527872,0.3219724531684603,0.0004665733382442175,1.6756598949432373
6,0.11861553181219718,0.11651333669821422,0.16768382791252362,0.31058548639218014,0.0004523497400965494,1.7168166637420654
7,0.1175272761811984,0.11663298699117843,0.1680051645352727,0.31049850831429165,0.0004359146339566099,1.6218996047973633
8,0.11675755865871906,0.11482341250493414,0.1647227378118606,0.306157284904094,0.00041744808628653516,1.692321538925171
9,0.11588372559896831,0.11507885530591011,0.16660618959438234,0.30816518266995746,0.00039715242044697206,1.7312967777252197
10,0.11492815873874672,0.11372458012331099,0.16368250726234346,0.30303472883644555,0.00037525000000000004,1.68642258644104
11,0.11441249548104303,0.11327068738284565,0.16257380694150925,0.3011136416878019,0.0003519807924474122,1.6724867820739746
12,0.11372470467126575,0.11299913997451465,0.16218533437876476,0.29911199034679503,0.0003275997400965494,1.7445094585418701
13,0.11302975481697197,0.11177784860843704,0.15979977147210211,0.29521377562057405,0.0003023739668590309,1.7669329643249512
14,0.11232167132327268,0.1112389186663287,0.15926206466697512,0.29467889737515224,0.00027657985158527956,1.7028145790100098
15,0.11198927311162496,0.11024416238069534,0.15635894575998896,0.28960438675823663,0.00025050000000000007,1.6532049179077148
16,0.11114852840145087,0.11000473105481692,0.15619018230409848,0.28769973594517934,0.0002244201484147205,1.6577434539794922
17,0.1104999807952293,0.10968386186730295,0.1560125139852365,0.2892009154671714,0.00019862603314096903,1.6661686897277832
18,0.10999807124507838,0.10940876638605482,0.15480357089212962,0.2855898014136723,0.00017340025990345064,1.7361180782318115
19,0.10934132745425248,0.1086360551416874,0.15374441143302692,0.28404890391088666,0.00014901920755258787,1.7998807430267334
20,0.10895029041145382,0.10798361170149985,0.15272380393885432,0.2808899584980238,0.00012575000000000005,1.7536609172821045
21,0.1084153629710962,0.10735627210565976,0.1512888449998129,0.2783482511128698,0.00010384757955302797,1.6359012126922607
22,0.10793934184415586,0.10762003968868937,0.15177280154256595,0.2793819790794736,8.355191371346494e-05,1.7079226970672607
23,0.1075722789713021,0.10691110718817938,0.15027450539526485,0.2760035420457522,6.508536604339018e-05,1.7113635540008545
24,0.10732048367760305,0.1067492493561336,0.1502223580720879,0.27571912712994073,4.865025990345063e-05,1.6761112213134766
25,0.10706884163463938,0.10648676132162412,0.14987919053861073,0.27485989318007514,3.442666175578254e-05,1.6641781330108643
26,0.10668472248803952,0.10628992939988773,0.14973680231542813,0.27486820483491536,2.2570408318171056e-05,1.637932300567627
27,0.10656650797945671,0.1062050209868522,0.14958593604110537,0.2746445476299241,1.3211399184359193e-05,1.6533558368682861
28,0.10643648728728294,0.10622028208204679,0.1495587428410848,0.27463953232481364,6.45217361691548e-06,1.7121784687042236
29,0.10640483943681264,0.10615328397779238,0.14934026911145165,0.27421854471876506,2.3667871056157862e-06,1.6829915046691895
30,0.10645337389974759,0.10617378070240929,0.1493944325262592,0.27432170049065635,0.0005,1.6524767875671387
31,0.10912994311415944,0.10824887738341377,0.15428146790890468,0.2826148658281281,0.0004996580689212662,1.6538500785827637
32,0.10897366516292095,0.10795904287979716,0.15414070887934594,0.2808867327514149,0.0004986332128943842,1.7038910388946533
33,0.10837822857088056,0.10756361182956468,0.15448520456751189,0.2835492491722107,0.0004969282409784868,1.7766847610473633
34,0.10807286620396993,0.10665596631311235,0.15192804414601552,0.2756656596348399,0.0004945478263830845,1.7919304370880127
35,0.10751872622118942,0.10612512716934794,0.15200679288023994,0.27590587522302357,0.0004914984936591225,1.7180235385894775
36,0.10649991735559085,0.10462943393559683,0.14837577548765002,0.268746768789632,0.00048778860081564085,1.7134852409362793
37,0.1058236439230627,0.10523915823016848,0.14990492431180819,0.2739986919221424,0.0004834283164110518,1.6189720630645752
38,0.10508453457391467,0.10388775702033724,0.14643717344318116,0.26690128729456947,0.0004784295916818289,1.7311699390411377
39,0.1046032477170229,0.10396678728007135,0.14754487893411092,0.26796749588989077,0.0004728061277849978,1.7180273532867432
40,0.10426205592551108,0.10360102160345941,0.14598914501922472,0.26292660513094496,0.0004665733382442175,1.69156813621521
41,0.10322184414313786,0.10268957362998099,0.1446834887777056,0.25888263647045406,0.00045974830670238333,1.7699873447418213
42,0.10256936741543227,0.1023337793137346,0.14547416869373547,0.26080144019353957,0.0004523497400965494,1.6927552223205566
43,0.10224595299825587,0.10142185698662486,0.1426863367004054,0.2560845613479614,0.00044439791738351423,1.8813896179199219
44,0.10157950546849391,0.10075373805704571,0.14151193396676154,0.2546419668055716,0.0004359146339566099,1.7195229530334473
45,0.1011634553172465,0.10127632178011395,0.14315628845776832,0.2576850542709941,0.0004269231419060436,1.669116497039795
46,0.10048468221492808,0.10048803403264,0.14051134387652078,0.253236629423641,0.00041744808628653516,1.7528836727142334
47,0.10013968706259439,0.09966002972353072,0.139021456773792,0.25050720820824307,0.00040751543756693446,1.6684811115264893
48,0.09974076168547416,0.09939102385015715,0.13824143172020004,0.24772835842200688,0.00039715242044697206,1.633937120437622
49,0.09880743076189838,0.09887649455950373,0.13899894448972883,0.24892653737749373,0.0003863874392362493,1.6425738334655762
50,0.09832666149555609,0.09770525033984866,0.1366806197024527,0.24287679543097815,0.00037525000000000004,1.7600054740905762
51,0.09832185204943707,0.0974942816510087,0.13583268721898398,0.2416574348296438,0.00036377062968501693,1.6979732513427734
52,0.09766257673116593,0.09645879552477882,0.13486467834029878,0.2368315319929804,0.0003519807924474122,1.637951135635376
53,0.09677503229086769,0.09657742703954379,0.13523375792872339,0.23977025846640268,0.0003399128034115525,1.739098310470581
54,0.09618237081529765,0.09631808066651934,0.13461470302371753,0.23932115414312907,0.0003275997400965494,1.6803710460662842
55,0.09622222955884605,0.09610557094925926,0.13367776058259465,0.23891092375630424,0.0003150753517530789,1.7106568813323975
56,0.09569329444062093,0.09522613262136777,0.13279665492120243,0.23432939464137667,0.0003023739668590309,1.6725237369537354
57,0.09494093076550755,0.09480951566781316,0.13133432237165316,0.23189558124258405,0.00028953039902753766,1.7890682220458984
58,0.09496588086516693,0.0946316146070049,0.13076516311793102,0.2320526061313493,0.00027657985158527956,1.6878974437713623
59,0.09435100805271289,0.09528999775648117,0.1327862615386645,0.23517564897026336,0.0002635578210826145,1.9454307556152344
60,0.09415452847064569,0.0941773917348612,0.1296933332369441,0.22975901727165496,0.00025050000000000007,1.6656761169433594
61,0.0940928152794468,0.09470017449486823,0.1318305487788859,0.23314414847464787,0.00023744217891738555,1.6758577823638916
62,0.09349467139691114,0.0940607903259141,0.13000783058149473,0.2296643853187561,0.0002244201484147205,1.7327852249145508
63,0.0926178355604924,0.09286270468007951,0.12798685545013064,0.22529699192160652,0.0002114696009724624,1.7938454151153564
64,0.09278519503001509,0.09334212452882812,0.1288592125333491,0.22683105759677433,0.00019862603314096903,1.7730915546417236
65,0.09208244804678292,0.0927041776123501,0.12829422436299778,0.2247587236620131,0.00018592464824692109,1.818782091140747
66,0.09197522253440372,0.09220031631134805,0.1267066381516911,0.22222812118984403,0.00017340025990345064,1.7204725742340088
67,0.09190919645259092,0.09242506768731844,0.12742998557431356,0.2236581760502997,0.00016108719658844759,1.6982133388519287
68,0.09144807953772874,0.09208919977148373,0.12658846467023804,0.22270095490273975,0.00014901920755258787,1.7715175151824951
69,0.09088902127254626,0.09155082897770972,0.1256798743492081,0.22030281523863474,0.00013722937031498307,1.6772041320800781
70,0.09090237688787024,0.09130979027776491,0.12556583292427517,0.2197739840263412,0.00012575000000000005,1.7454965114593506
71,0.09083373237658164,0.09139303206687882,0.12589943550881885,0.2207029021921612,0.00011461256076375082,1.679985523223877
72,0.09062019809438236,0.09077348613313266,0.12420616263435,0.21702536372911363,0.00010384757955302797,1.6967997550964355
73,0.09058964441947896,0.09078528856237729,0.12438078011785235,0.21742543578147888,9.348456243306559e-05,1.80625319480896
74,0.089908122149264,0.09077995891372363,0.12441655656411535,0.21784794046765282,8.355191371346494e-05,1.7905492782592773
75,0.08985028011274748,0.09076714852736109,0.12464178708337602,0.2180275572907357,7.40768580939564e-05,1.638775110244751
76,0.08981804106512974,0.09032232509482474,0.1232644355013257,0.21486518532037735,6.508536604339018e-05,1.7312393188476562
77,0.08969988127977684,0.09036958164402417,0.12369077226945333,0.2164007673660914,5.660208261648575e-05,1.7125797271728516
78,0.08914959061377008,0.09009955716984612,0.1236085155535312,0.21548398726043247,4.865025990345063e-05,1.683401107788086
79,0.08910918126589265,0.09024335479452497,0.1238855276079405,0.21652638557411374,4.1251693297616726e-05,1.7510931491851807
80,0.08888389584447803,0.08997498807452974,0.1231263695018632,0.21460847769464766,3.442666175578254e-05,1.6619019508361816
81,0.08906175234708293,0.08998958518107732,0.12316517265779632,0.21513779887131282,2.8193872215002235e-05,1.8282928466796875
82,0.08900302793059883,0.08993520197414216,0.123258480713481,0.21523359950099671,2.2570408318171056e-05,1.6828467845916748
83,0.08857258235843017,0.08975149655625933,0.12263145883168493,0.21372451207467488,1.7571683588948164e-05,1.64406156539917
84,0.08854899430197888,0.08972155675292015,0.12262573430225962,0.21390569387447267,1.3211399184359193e-05,1.6981418132781982
85,0.08910883250164575,0.08969476960954212,0.12251423210615203,0.21380047216301873,9.501506340877456e-06,1.662947177886963
86,0.08819416611744411,0.08962241365086465,0.12236282229423523,0.2134551533630916,6.45217361691548e-06,1.6440212726593018
87,0.08842382522235656,0.08960489804546039,0.122310440632559,0.21344942847887674,4.071759021513154e-06,1.6324958801269531
88,0.08827835427404478,0.08962834111991383,0.12238772142501105,0.21360556461981364,2.3667871056157862e-06,1.6912271976470947
89,0.0883368924902431,0.08965270256712324,0.12249946984506789,0.2138261188353811,1.3419310787338286e-06,1.6700255870819092
90,0.08840609101000531,0.08964368204275767,0.12247768683092934,0.21380393632820674,0.0005,1.6647319793701172
91,0.0926493960593281,0.09336033569914955,0.12952291947745143,0.22623796370767413,0.0004999145025814015,1.6483888626098633
92,0.0930536287868845,0.092674572907743,0.12783741010796457,0.2243348125900541,0.0004996580689212662,1.6663150787353516
93,0.09299214222821696,0.09260082688359987,0.127678878427971,0.22289915631214777,0.0004992308747664155,1.6950416564941406
94,0.09296852799838987,0.0935271398297378,0.12924487853334063,0.2303828430317697,0.0004986332128943842,1.6618714332580566
95,0.09265693684975648,0.09233283074129195,0.12877432860079266,0.22459430247545242,0.0004978654929127657,1.8406667709350586
96,0.09236921729712651,0.09275946092037927,0.12870692585905394,0.2255538794256392,0.0004969282409784868,1.6953716278076172
97,0.09229090151473365,0.09261300858287584,0.12868770300632432,0.226712975473631,0.0004958220994372067,1.6892032623291016
98,0.0921615107498806,0.09254659197869755,0.12875416147566976,0.22448416018769854,0.0004945478263830845,1.7145791053771973
99,0.09165099844464968,0.09210862290291559,0.12661399887431235,0.22375141722815378,0.0004931062951392203,1.693650245666504
100,0.09143032981403942,0.09216397326617014,0.1271542924500647,0.22104935277075993,0.0004914984936591225,1.7283539772033691
101,0.09134901578313318,0.091885507106781,0.12625234183811007,0.22149910458496638,0.0004897255238496142,1.6245930194854736
102,0.09131380112777496,0.09154720799553961,0.12521326187111081,0.22131656181244624,0.00048778860081564085,1.6354918479919434
103,0.09088896770544093,0.09095538389824685,0.1244932044120062,0.21776292614993595,0.00048568905202749855,1.6716639995574951
104,0.09021250389773271,0.09160384624486878,0.12615310187850678,0.22288622884523301,0.0004834283164110518,1.6905193328857422
105,0.09028398139594958,0.0913106891370955,0.12497241511231377,0.2191249980103402,0.00048100794336156604,1.7559576034545898
106,0.09017573692033003,0.09017257250490643,0.123874186227719,0.21554889529943466,0.0004784295916818289,1.6725599765777588
107,0.08925469450909516,0.08991368718090512,0.12253794588503383,0.21377696309770858,0.0004756950284452903,1.632453441619873
108,0.08917187398363804,0.0894550516137055,0.12188490923671495,0.2112336414200919,0.0004728061277849978,1.6502513885498047
109,0.08861471539170578,0.08971329920348667,0.12434617855719157,0.21704041638544627,0.00046976486960916035,1.6864264011383057
110,0.088703743984987,0.08941855458986192,0.12223408442168009,0.21314522198268346,0.0004665733382442175,1.8753116130828857
111,0.08861064647549186,0.08883627575068247,0.12205973409471058,0.21066041858423323,0.000463233721006346,1.6640310287475586
112,0.08823620768841998,0.08823673196491741,0.12022593706136658,0.208848346556936,0.00045974830670238333,1.7485671043395996
113,0.08812424370312485,0.08876106054300353,0.12165186500975064,0.2110805337627729,0.00045611948406119293,1.648012638092041
114,0.08733259327709675,0.08838169258974847,0.12111748417928106,0.21166015238988967,0.0004523497400965494,1.714106798171997
115,0.08704958753339176,0.08862486694540296,0.1211404259360972,0.21061464044309797,0.00044844165840266317,1.7199633121490479
116,0.0873104071501514,0.08811752054662932,0.12082132555189587,0.2086841602410589,0.00044439791738351423,1.7521724700927734
117,0.086884335903772,0.0880247973615215,0.12051077861161459,0.20901175020706086,0.00044022128841720773,1.6729633808135986
118,0.08638787073693399,0.08754673014794077,0.11938431149437315,0.2070151013987405,0.0004359146339566099,1.68212890625
119,0.0866223415038709,0.08746101334691048,0.12039871194532939,0.20619461188713709,0.00043148090556756574,1.6632742881774902
120,0.08585928351586235,0.08715953252145223,0.11773955680075146,0.20536362060478755,0.0004269231419060436,1.6914565563201904
121,0.08576326422264864,0.0871303015876384,0.11803872493051347,0.20586996809357688,0.0004222444666355916,1.6924209594726562
122,0.08576229111901645,0.08667702529402006,0.11877359378905523,0.20345524343706312,0.00041744808628653516,1.6693737506866455
123,0.0853678404578361,0.08712717553689367,0.11941649161633991,0.20495336289916719,0.00041253728805838084,1.8025896549224854
124,0.08538078060694809,0.08630888926840964,0.11786586897713798,0.2022668563184284,0.00040751543756693446,1.7484464645385742
125,0.08489597168076655,0.08635495904655684,0.1173924228974751,0.20233200384037836,0.0004023859765376758,1.6799280643463135
126,0.08486470692502014,0.08608980760687873,0.11615018369186492,0.20147236862352916,0.00039715242044697206,1.6555850505828857
127,0.08402882924239183,0.08541448804594222,0.11606379420984358,0.19800906628370285,0.0003918183561127458,1.7634377479553223
128,0.08440618358295539,0.08511566672296751,0.11507625966554597,0.19733828625508718,0.0003863874392362493,1.7365424633026123
129,0.08409650932098257,0.08537711433711506,0.11505056350004106,0.19665323197841644,0.00038086339189662925,1.6842443943023682
130,0.08379668488713174,0.08504109137824603,0.11511591697732608,0.19716580566905795,0.00037525000000000004,1.7454524040222168
131,0.0837374555974685,0.08414195229609807,0.11304671636649541,0.1933347550886018,0.00036955111068477236,1.7433738708496094
132,0.08341931150262726,0.08498270029113406,0.11509955550233524,0.19661170066822142,0.00036377062968501693,1.6696851253509521
133,0.08350535899657628,0.08452210717257999,0.11344656773975917,0.19422870909883863,0.00035791251865366965,1.688169002532959
134,0.08292591835147348,0.08394061933670725,0.1130428881872268,0.19540276059082576,0.0003519807924474122,1.7068729400634766
135,0.08249327347710214,0.08359613482441221,0.11110608297444526,0.19084117880889348,0.00034597951637508993,1.7929463386535645
136,0.08231615165955034,0.08424305756177221,0.11434900938045411,0.19641464735780442,0.0003399128034115525,1.709831953048706
137,0.08193936805915215,0.08309953127588544,0.11212792371710141,0.1904344271336283,0.00033378481137882584,1.6908438205718994
138,0.08198382255846057,0.0836410087843736,0.11210373079492933,0.1929389476066544,0.0003275997400965494,1.7143595218658447
139,0.08185132833775775,0.08291724182310559,0.11159799070585341,0.19034336188009807,0.00032136182850362875,1.8191039562225342
140,0.08175102981000111,0.08334089265692801,0.11225262603589467,0.19205465841860997,0.0003150753517530789,1.7674682140350342
141,0.08152750107170693,0.08328410433161826,0.11221829588924136,0.19368953115883328,0.00030874461828204845,1.7195160388946533
142,0.08125272372352152,0.08247352515657742,0.11087797262838908,0.18983107521420434,0.0003023739668590309,1.7148158550262451
143,0.08076828743877082,0.08258791143695514,0.1116225744287173,0.19103860216481344,0.00029596776361029084,1.6393449306488037
144,0.0807251885597562,0.08280621415802411,0.11145522179348129,0.19210018572353182,0.00028953039902753766,1.7130508422851562
145,0.08044952122044974,0.0819188617169857,0.10945788930569376,0.18782370856830052,0.0002830662849589029,1.6803135871887207
146,0.08035210571412382,0.08236199014243625,0.11024582918201174,0.1898359095766431,0.00027657985158527956,1.632615566253662
147,0.08003988226169143,0.08216910968933787,0.10997017153671809,0.18884989406381333,0.00027007554438409736,1.6484010219573975
148,0.08006386099190548,0.08125059732369014,0.10811131766864232,0.18233145170268558,0.0002635578210826145,1.6415514945983887
149,0.0798223654193611,0.08178940291206042,0.11005759469809986,0.1896348169871739,0.00025703114860281437,1.61460542678833
150,0.07935809944595756,0.08157217183283397,0.10926443941536404,0.18667433623756682,0.00025050000000000007,1.6388516426086426
151,0.07931486152690546,0.0815449578776246,0.10911476239562035,0.18726700047651926,0.00024396885139718567,1.6477992534637451
152,0.07911130336338076,0.0809600232612519,0.10803942577469916,0.18488493242434093,0.00023744217891738555,1.6808273792266846
153,0.07894900287019796,0.08058329937713486,0.10699290799952689,0.18238272482440585,0.0002309244556159027,1.8111112117767334
154,0.0789343904511168,0.08098342447053819,0.10811697762636911,0.18552229127713613,0.0002244201484147205,1.8074476718902588
155,0.07870134081819961,0.08056253460901124,0.10729283307279859,0.18206567068894705,0.00021793371504109718,1.658266544342041
156,0.07850023619188316,0.08057387510225886,0.10758234241179057,0.1841090445717176,0.0002114696009724624,1.7292418479919434
157,0.07849116934912986,0.08036347585065025,0.10712466264764468,0.18199268338226138,0.00020503223638970925,1.6844451427459717
158,0.07829869994572525,0.08037866669751349,0.10655024789628528,0.18258361057156608,0.00019862603314096903,1.682549238204956
159,0.07774811090323432,0.08032660434643428,0.10755241555827004,0.18317766594035284,0.0001922553817179516,1.7168967723846436
160,0.07803018236982412,0.08015678964910053,0.10647999495267868,0.18113519889967783,0.00018592464824692109,1.6718065738677979
161,0.07776398394770663,0.08049617494855608,0.10757144256716683,0.18523737717242467,0.00017963817149637128,1.7550432682037354
162,0.07774693560625973,0.08002298325300217,0.10710643622137252,0.18379438845884233,0.00017340025990345064,1.6786768436431885
163,0.07733882090141034,0.07965331755223728,0.10546662835847764,0.18081859002510706,0.00016721518862117417,1.6257457733154297
164,0.07699416687005553,0.07921552870954786,0.10396326439721244,0.17621184175922758,0.00016108719658844759,1.6399195194244385
165,0.07723558623472164,0.07963842206767627,0.10545119731908753,0.18008225765966235,0.0001550204836249101,1.6382577419281006
166,0.07706092567793255,0.0795605235866138,0.1059448126526106,0.18002267891452425,0.00014901920755258787,1.7627756595611572
167,0.07698914045789118,0.07919080963446981,0.10479464807680675,0.17813118476243245,0.0001430874813463304,1.750150203704834
168,0.07666695660686698,0.07937271981721833,0.10538972878739947,0.1792569820369993,0.00013722937031498307,1.6951589584350586
169,0.07684090059122135,0.07874519821433794,0.10414229723669234,0.17607359552667254,0.00013144888931522768,1.6713752746582031
170,0.07627794152960696,0.07898612604254768,0.10493542289450056,0.1777699664235115,0.00012575000000000005,1.6343672275543213
171,0.07626816169519363,0.07892664628369468,0.10489137275587945,0.177459730278878,0.00012013660810337076,1.6551604270935059
172,0.07619764092217746,0.07888477543989818,0.10449495042363803,0.177215481088275,0.00011461256076375082,1.6423206329345703
173,0.07592508741172738,0.07925380092291605,0.10549825394437426,0.18009466287635623,0.00010918164388725415,1.6537110805511475
174,0.07605359756291427,0.07861688715361413,0.10438125403154463,0.1778761407449132,0.00010384757955302797,1.7257063388824463
175,0.0761880162653738,0.07808524884638332,0.1033814192882606,0.1750372719197046,9.86140234623242e-05,1.7294738292694092
176,0.07599270277945645,0.07834613997311819,0.1038063047897248,0.1761997313726516,9.348456243306559e-05,1.7275443077087402
177,0.07553486750814421,0.07829383494598526,0.10353224139128413,0.17524985649756022,8.84627119416192e-05,1.6803929805755615
178,0.07573455854736526,0.07851313994753928,0.10398972016714868,0.17661522861037934,8.355191371346494e-05,1.7450602054595947
179,0.0753860218000823,0.07799678508724485,0.10252938171227773,0.17421257779711768,7.875553336440834e-05,1.704352855682373
180,0.07569019608841888,0.07808516795436542,0.10269980150319281,0.17424133171637854,7.40768580939564e-05,1.748039722442627
181,0.07529798150062561,0.07797671996411823,0.10282608511902037,0.17387681489899046,6.951909443243423e-05,1.6531357765197754
182,0.075406348686023,0.07791126785533768,0.10260509752801486,0.17390694114423932,6.508536604339018e-05,1.8148634433746338
183,0.07521021843020773,0.07822560749593235,0.10374472840201288,0.1762207452030409,6.0778711582792276e-05,1.6753509044647217
184,0.07524818732756479,0.07781734512675376,0.10283955115647543,0.17440958179178692,5.660208261648575e-05,1.7248759269714355
185,0.07500079598534724,0.07772779322805859,0.10199189611843654,0.17324619243542352,5.2558341597336796e-05,1.6915018558502197
186,0.07476873209314613,0.07775747793770972,0.1024901613238312,0.17436510040646508,4.865025990345063e-05,1.6625638008117676
187,0.07475641544844056,0.07786371257333528,0.1026088957275663,0.17488612873213633,4.488051593880714e-05,1.6225905418395996
188,0.07490990400828164,0.0776847746400606,0.10227193417293685,0.17416531237817945,4.1251693297616726e-05,1.731147050857544
189,0.07518914523373904,0.07770377362058276,0.10259924385519255,0.17418228480077924,3.7766278993653996e-05,1.6843228340148926
190,0.07513907844008043,0.07743859911958377,0.10187175798983801,0.17302419493595758,3.442666175578254e-05,1.6698038578033447
191,0.0749821281702868,0.07749160733960923,0.10185031096140544,0.17265439849524272,3.123513039083966e-05,1.7150123119354248
192,0.07460329752286961,0.07746076317770141,0.1018024246607508,0.17276337813763393,2.8193872215002235e-05,1.7107958793640137
193,0.07444286068644503,0.07748786182630629,0.10216932814745676,0.17353418930655434,2.530497155470983e-05,1.825895071029663
194,0.07505927511073392,0.07748598906965483,0.10203269478820619,0.17307438736870176,2.2570408318171056e-05,1.6428260803222656
195,0.07449849826637013,0.07729834052068847,0.10155557965238889,0.17197938156979425,1.9992056638433958e-05,1.863647699356079
196,0.07416960192394667,0.07733181668888955,0.10158081672021321,0.17245796677612124,1.7571683588948164e-05,1.7099919319152832
197,0.0745797879062593,0.07747422194197065,0.10229084002120155,0.1736159370768638,1.531094797250151e-05,1.8269500732421875
198,0.07457394624963917,0.07735111706313633,0.10186459070869855,0.17279660666272753,1.3211399184359193e-05,1.7690238952636719
199,0.07466929823417089,0.0773395612126305,0.1018327476368064,0.17277821792023523,1.1274476150385861e-05,1.6769747734069824
200,0.07447559124758017,0.07725713951956659,0.10169580117577598,0.17238708159753255,9.501506340877456e-06,1.7173247337341309
1,0.1582985371351242,0.15406782925128937,0.29035598039627075,0.5549827814102173,0.0002991810233575568,0.3821094036102295
2,0.1406373381614685,0.1450563669204712,0.2719193398952484,0.5263761878013611,0.0002967330663097039,0.16139769554138184
3,0.1307562713821729,0.13649186491966248,0.25535640120506287,0.49655675888061523,0.0002926829491861254,0.16484355926513672
4,0.12380476295948029,0.12872546911239624,0.24020488560199738,0.4675922393798828,0.00028707504591756876,0.16470742225646973
5,0.11383116741975148,0.12179882079362869,0.22433391213417053,0.4369102716445923,0.0002799707978657736,0.15792536735534668
6,0.10769987354675929,0.11557666212320328,0.20733951032161713,0.40448197722435,0.0002714480406590546,0.1621105670928955
7,0.10104078551133473,0.11142458021640778,0.19487476348876953,0.37931951880455017,0.00026160015140887043,0.16668367385864258
8,0.09764541933933894,0.10727052390575409,0.1823662370443344,0.3545495569705963,0.0002505350256506493,0.17765140533447266
9,0.09378755589326222,0.10282616317272186,0.1702713966369629,0.33102884888648987,0.0002383738952177247,0.16470909118652344
10,0.09082712978124619,0.09891611337661743,0.16052058339118958,0.3100231885910034,0.00022524999999999995,0.1681983470916748
11,0.08732582628726959,0.09535696357488632,0.15067340433597565,0.2885693311691284,0.00021130712813983212,0.16585183143615723
12,0.08583883196115494,0.09246097505092621,0.14277169108390808,0.27099311351776123,0.0001966980406590546,0.16518878936767578
13,0.08162058144807816,0.08978327363729477,0.1351700872182846,0.25541478395462036,0.00018158279777725497,0.17268133163452148
14,0.07978695382674535,0.08754812180995941,0.12864889204502106,0.24286822974681854,0.00016612700525851418,0.1685168743133545
15,0.07861384004354477,0.08533411473035812,0.12261852622032166,0.23095104098320007,0.0001505,0.1684260368347168
16,0.07569587727387746,0.08343493938446045,0.11765450984239578,0.22061580419540405,0.00013487299474148582,0.16428136825561523
17,0.07509524375200272,0.08173161745071411,0.11241929233074188,0.20964786410331726,0.00011941720222274495,0.16277217864990234
18,0.07483454296986262,0.08037273585796356,0.10892673581838608,0.20188382267951965,0.00010430195934094535,0.1660623550415039
19,0.07322936753431956,0.0793752372264862,0.1069440171122551,0.19761647284030914,8.969287186016788e-05,0.16251111030578613
20,0.07158457736174266,0.07867453247308731,0.1055997759103775,0.19429132342338562,7.575000000000001e-05,0.16624760627746582
21,0.07214308281739552,0.07821357250213623,0.10500878095626831,0.1924486607313156,6.262610478227527e-05,0.1680591106414795
22,0.07123199353615443,0.07774253189563751,0.10418671369552612,0.1903427392244339,5.046497434935073e-05,0.16374683380126953
23,0.07083646456400554,0.0771971046924591,0.10299745202064514,0.1875208467245102,3.939984859112958e-05,0.16793298721313477
24,0.0692682812611262,0.07680992782115936,0.10198553651571274,0.18509472906589508,2.955195934094537e-05,0.1740589141845703
25,0.06887391209602356,0.07657657563686371,0.10144025087356567,0.1837143748998642,2.102920213422641e-05,0.1679549217224121
26,0.06864424546559651,0.07637538015842438,0.1009942889213562,0.1826174110174179,1.3924954082431153e-05,0.1673588752746582
27,0.07029229899247487,0.07625210285186768,0.10065048187971115,0.18181590735912323,8.317050813874547e-06,0.16846704483032227
28,0.06836511194705963,0.07617639750242233,0.10042118281126022,0.18130943179130554,4.266933690296049e-06,0.1656816005706787
29,0.07034143060445786,0.07612820714712143,0.10028646141290665,0.18101391196250916,1.8189766424431264e-06,0.16776561737060547
30,0.06969590733448665,0.07611563801765442,0.1002434641122818,0.18091842532157898,0.0003,0.16611528396606445
31,0.06911503771940868,0.07480088621377945,0.09426207840442657,0.16885383427143097,0.00029979511544580873,0.16374421119689941
32,0.06790485233068466,0.07367902994155884,0.08989057689905167,0.15815091133117676,0.0002991810233575568,0.16341423988342285
33,0.06646256148815155,0.07095567882061005,0.08472799509763718,0.14395709335803986,0.00029815940691897306,0.16305947303771973
34,0.0631348267197609,0.06958036869764328,0.08262492716312408,0.13617229461669922,0.0002967330663097039,0.16418886184692383
35,0.061703683187564216,0.06775267422199249,0.08071959763765335,0.13049963116645813,0.00029490591103021566,0.1652069091796875
36,0.059629748264948525,0.065324567258358,0.07495611160993576,0.12021346390247345,0.0002926829491861254,0.16675972938537598
37,0.058972147603829704,0.06318610906600952,0.07190042734146118,0.11515576392412186,0.0002900702737613316,0.16408085823059082
38,0.05699116364121437,0.06303975731134415,0.07160903513431549,0.11224577575922012,0.00028707504591756876,0.1676490306854248
39,0.05870405584573746,0.06168718636035919,0.06885741651058197,0.10625950992107391,0.00028370547536616097,0.16700410842895508
40,0.05731397122144699,0.060560815036296844,0.06733358651399612,0.10650773346424103,0.0002799707978657736,0.17528986930847168
1,0.1380956768989563,0.12618514150381088,0.15509120374917984,0.26809538900852203,0.0004986332128943842,0.5102393627166748
2,0.13435639441013336,0.12429960817098618,0.1476113423705101,0.2598109692335129,0.0004945478263830845,0.23859381675720215
3,0.13452075868844987,0.12381548434495926,0.14348208159208298,0.25709472596645355,0.00048778860081564085,0.23960375785827637
4,0.13337356373667716,0.12274936586618423,0.13922946900129318,0.25469471514225006,0.0004784295916818289,0.24392271041870117
5,0.131987052410841,0.12220687419176102,0.1374160274863243,0.25484494864940643,0.0004665733382442175,0.25081777572631836
6,0.12995048835873604,0.12133992090821266,0.13559094816446304,0.2531454712152481,0.0004523497400965494,0.24461650848388672
7,0.1296130284667015,0.12049022316932678,0.13367954641580582,0.25057701766490936,0.0004359146339566099,0.24326419830322266
8,0.12663449496030807,0.11947564035654068,0.1326814442873001,0.24720966815948486,0.00041744808628653516,0.24396419525146484
9,0.12648607939481735,0.11772207170724869,0.1297319531440735,0.2398824468255043,0.00039715242044697206,0.23987197875976562
10,0.1229662336409092,0.11473817378282547,0.12407497316598892,0.22805029898881912,0.00037525000000000004,0.24492096900939941
11,0.12402688711881638,0.11500649526715279,0.12214682623744011,0.22709094732999802,0.0003519807924474122,0.2880117893218994
12,0.1207123726606369,0.11410627141594887,0.1216910220682621,0.22605255246162415,0.0003275997400965494,0.24216413497924805
13,0.12183229774236679,0.11277659609913826,0.12222238257527351,0.22697556018829346,0.0003023739668590309,0.2356865406036377
14,0.11958621144294738,0.11096889153122902,0.11764442920684814,0.21906305849552155,0.00027657985158527956,0.24121570587158203
15,0.11772020906209946,0.10983072221279144,0.11834271997213364,0.21743623167276382,0.00025050000000000007,0.2563011646270752
16,0.11868103817105294,0.10992592573165894,0.11726589873433113,0.21728827059268951,0.0002244201484147205,0.27123451232910156
17,0.11796645000576973,0.10970833897590637,0.11769740283489227,0.218264639377594,0.00019862603314096903,0.24121308326721191
18,0.11702762916684151,0.11026613041758537,0.11801449581980705,0.2184576615691185,0.00017340025990345064,0.2432408332824707
19,0.11760829463601112,0.10813488811254501,0.11572315916419029,0.21187326312065125,0.00014901920755258787,0.24194812774658203
20,0.11709442734718323,0.10775716230273247,0.11568140611052513,0.2129049077630043,0.00012575000000000005,0.24238252639770508
21,0.11624297723174096,0.10765368491411209,0.11541765183210373,0.21286746859550476,0.00010384757955302797,0.24067425727844238
22,0.11317400336265564,0.10725848376750946,0.11457965895533562,0.21095547825098038,8.355191371346494e-05,0.24315142631530762
23,0.11456388011574745,0.10730195045471191,0.11512839421629906,0.21186789125204086,6.508536604339018e-05,0.2454514503479004
24,0.11537246331572533,0.10729381442070007,0.11506637558341026,0.21242234110832214,4.865025990345063e-05,0.2401738166809082
25,0.11658636555075645,0.10707948729395866,0.11443693190813065,0.211556538939476,3.442666175578254e-05,0.24320173263549805
26,0.1130735844373703,0.10719384998083115,0.11416365206241608,0.21140866726636887,2.2570408318171056e-05,0.26339054107666016
27,0.11332646608352662,0.10707811266183853,0.11387528106570244,0.21076475083827972,1.3211399184359193e-05,0.2386012077331543
28,0.11277348920702934,0.10702885314822197,0.114046111702919,0.21099144965410233,6.45217361691548e-06,0.2531003952026367
29,0.11213697046041489,0.10702803358435631,0.11406733468174934,0.21106307208538055,2.3667871056157862e-06,0.2636833190917969
30,0.11380507275462151,0.10703657194972038,0.11409417912364006,0.21112748980522156,0.0005,0.24630975723266602
31,0.11510478630661965,0.10689845681190491,0.11485566571354866,0.21379349380731583,0.0004996580689212662,0.2553858757019043
32,0.11207973510026932,0.10794102773070335,0.1191571094095707,0.21942853927612305,0.0004986332128943842,0.24294543266296387
33,0.1126777097582817,0.10473649948835373,0.1147201769053936,0.2113606184720993,0.0004969282409784868,0.25019264221191406
34,0.1094646193087101,0.10205864533782005,0.11126099899411201,0.20278412103652954,0.0004945478263830845,0.2465970516204834
35,0.10781245082616805,0.10001267492771149,0.10804279521107674,0.1988048180937767,0.0004914984936591225,0.23565912246704102
36,0.10670547038316727,0.09894692897796631,0.10323590785264969,0.1910555139183998,0.00048778860081564085,0.24713397026062012
37,0.10354445353150368,0.09586738422513008,0.10367395356297493,0.18460606783628464,0.0004834283164110518,0.2476034164428711
38,0.10372243821620941,0.09444591030478477,0.10139766708016396,0.1802252233028412,0.0004784295916818289,0.24260854721069336
39,0.10035034716129303,0.09410010650753975,0.10005417466163635,0.1765427514910698,0.0004728061277849978,0.23994231224060059
40,0.09717582240700721,0.09349898993968964,0.09839846938848495,0.17982520908117294,0.0004665733382442175,0.23605751991271973
41,0.09787759110331536,0.09097319096326828,0.09794723615050316,0.17376340180635452,0.00045974830670238333,0.25779294967651367
42,0.0977431870996952,0.09186471253633499,0.09574670344591141,0.17631445825099945,0.0004523497400965494,0.24445700645446777
43,0.09808907136321068,0.08997131139039993,0.09496649727225304,0.17278055846691132,0.00044439791738351423,0.240919828414917
44,0.09722525998950005,0.09106412902474403,0.09392790123820305,0.17361892759799957,0.0004359146339566099,0.2450861930847168
45,0.09495333284139633,0.09023091197013855,0.09219566360116005,0.1712426319718361,0.0004269231419060436,0.24305510520935059
46,0.09498975053429604,0.08885807916522026,0.0920298658311367,0.16526688635349274,0.00041744808628653516,0.2434694766998291
47,0.09422735869884491,0.0871599055826664,0.08823803439736366,0.16148671507835388,0.00040751543756693446,0.25209522247314453
48,0.09261954426765442,0.08586905524134636,0.08358482271432877,0.15059570223093033,0.00039715242044697206,0.25048398971557617
49,0.09156839102506638,0.08532235398888588,0.08543214201927185,0.15311755239963531,0.0003863874392362493,0.25726866722106934
50,0.09105150774121284,0.08368372544646263,0.08404568210244179,0.1496385633945465,0.00037525000000000004,0.2673664093017578
51,0.09094172269105912,0.0834546610713005,0.08031358197331429,0.14780820161104202,0.00036377062968501693,0.24437427520751953
52,0.09125417619943618,0.08298608660697937,0.07803058624267578,0.1439332664012909,0.0003519807924474122,0.2483839988708496
53,0.08839881271123887,0.08335237205028534,0.08271444961428642,0.15105652064085007,0.0003399128034115525,0.24167299270629883
54,0.08843142837285996,0.08170725032687187,0.07995934784412384,0.14715012907981873,0.0003275997400965494,0.24509501457214355
55,0.08750910460948944,0.08077149465680122,0.07579648494720459,0.1405036523938179,0.0003150753517530789,0.2420952320098877
56,0.08612702190876007,0.08070837706327438,0.07860000431537628,0.1434340849518776,0.0003023739668590309,0.2396228313446045
57,0.08589879646897317,0.08026347309350967,0.07702255621552467,0.14096516370773315,0.00028953039902753766,0.24742341041564941
58,0.08528373762965202,0.07804658263921738,0.07367920503020287,0.1303292214870453,0.00027657985158527956,0.2545011043548584
59,0.08581617027521134,0.0786856859922409,0.07408109679818153,0.13319100439548492,0.0002635578210826145,0.2595090866088867
60,0.08486293181777001,0.07778255268931389,0.06851676478981972,0.12538928538560867,0.00025050000000000007,0.2472379207611084
61,0.08443984240293503,0.07739172875881195,0.07027266174554825,0.12760483473539352,0.00023744217891738555,0.252669095993042
62,0.08323701396584511,0.07722781226038933,0.07591462135314941,0.1366151049733162,0.0002244201484147205,0.2662642002105713
63,0.0833734504878521,0.07665438577532768,0.07224223762750626,0.13379930704832077,0.0002114696009724624,0.25580453872680664
64,0.0814322628080845,0.07578250393271446,0.07060311734676361,0.12833932787179947,0.00019862603314096903,0.28328514099121094
65,0.08093629777431488,0.07645989209413528,0.06803395971655846,0.12553057819604874,0.00018592464824692109,0.24954986572265625
66,0.0826261006295681,0.0764392837882042,0.0679783746600151,0.1293211281299591,0.00017340025990345064,0.242933988571167
67,0.07985962852835655,0.07422788441181183,0.06946456432342529,0.12780889868736267,0.00016108719658844759,0.24825739860534668
68,0.0785573035478592,0.07412773370742798,0.0677899569272995,0.12320305407047272,0.00014901920755258787,0.24619150161743164
69,0.07998577058315277,0.07387407124042511,0.06522883847355843,0.1202419102191925,0.00013722937031498307,0.2617020606994629
70,0.07874099910259247,0.07345516607165337,0.06707616150379181,0.12114939466118813,0.00012575000000000005,0.25011157989501953
71,0.07976899147033692,0.07228661328554153,0.06658835336565971,0.11896642297506332,0.00011461256076375082,0.24956297874450684
72,0.07903055921196937,0.07232745364308357,0.06373671814799309,0.11237334087491035,0.00010384757955302797,0.2477126121520996
73,0.07707988619804382,0.07219083607196808,0.06215069815516472,0.11231552809476852,9.348456243306559e-05,0.261669397354126
74,0.07621949091553688,0.07179630547761917,0.06284838356077671,0.11253936216235161,8.355191371346494e-05,0.24603962898254395
75,0.0778026558458805,0.07173743098974228,0.06296546198427677,0.11350608244538307,7.40768580939564e-05,0.24170351028442383
76,0.07657699212431908,0.07154732197523117,0.06368652172386646,0.11373337730765343,6.508536604339018e-05,0.2530343532562256
77,0.0769667886197567,0.07121071964502335,0.06250151805579662,0.11171950772404671,5.660208261648575e-05,0.25250244140625
78,0.07769461199641228,0.07154495269060135,0.06338014081120491,0.11395818740129471,4.865025990345063e-05,0.24259614944458008
79,0.07632108256220818,0.07135500013828278,0.06321120634675026,0.1128169484436512,4.1251693297616726e-05,0.2542076110839844
80,0.07664344906806946,0.07137565687298775,0.06413490325212479,0.11396631598472595,3.442666175578254e-05,0.2585866451263428
81,0.0757379524409771,0.07127423584461212,0.06277934834361076,0.11310875043272972,2.8193872215002235e-05,0.2495589256286621
82,0.07526321113109588,0.07126525416970253,0.061136314645409584,0.1105383113026619,2.2570408318171056e-05,0.23785710334777832
83,0.07674574181437492,0.0714406780898571,0.06180628575384617,0.11042679846286774,1.7571683588948164e-05,0.2520613670349121
84,0.07466448023915291,0.07115344703197479,0.06149309314787388,0.10985952243208885,1.3211399184359193e-05,0.24823856353759766
85,0.07518657520413399,0.0709950290620327,0.06083948165178299,0.10920882970094681,9.501506340877456e-06,0.24878501892089844
86,0.07629800215363503,0.07091942802071571,0.06073303520679474,0.10873459652066231,6.45217361691548e-06,0.24767494201660156
87,0.07575709894299507,0.07084311917424202,0.06073565408587456,0.10864737629890442,4.071759021513154e-06,0.24385666847229004
88,0.07451029866933823,0.0708082839846611,0.060710249468684196,0.1085747666656971,2.3667871056157862e-06,0.24350523948669434
89,0.07615395784378051,0.07079092413187027,0.060683080926537514,0.10848217085003853,1.3419310787338286e-06,0.24364233016967773
90,0.07571175545454026,0.07078108936548233,0.06067405082285404,0.10849390551447868,0.0005,0.2547266483306885
91,0.07749730348587036,0.07355495542287827,0.06587828323245049,0.12207519635558128,0.0004999145025814015,0.24459052085876465
92,0.07901621609926224,0.07383177429437637,0.07171330600976944,0.1283007115125656,0.0004996580689212662,0.2518620491027832
93,0.07782993167638778,0.07386546581983566,0.06433313712477684,0.11175574734807014,0.0004992308747664155,0.24363350868225098
94,0.08234459310770034,0.07364056259393692,0.06704697012901306,0.12182304263114929,0.0004986332128943842,0.3216860294342041
95,0.0767244502902031,0.07170309126377106,0.06418196856975555,0.10997918993234634,0.0004978654929127657,0.2576584815979004
96,0.07709962129592896,0.07383483275771141,0.06726938113570213,0.11967338249087334,0.0004969282409784868,0.247880220413208
97,0.07703899219632149,0.07121868431568146,0.06733547896146774,0.11374669894576073,0.0004958220994372067,0.24557805061340332
98,0.07566875293850898,0.07143079489469528,0.06359251774847507,0.11268559098243713,0.0004945478263830845,0.2616422176361084
99,0.07578077688813209,0.07014816999435425,0.06252791360020638,0.10340334102511406,0.0004931062951392203,0.2602517604827881
100,0.07543786615133286,0.06947120651602745,0.06109950877726078,0.10567058622837067,0.0004914984936591225,0.24787402153015137
101,0.07429702877998352,0.07196630537509918,0.0653950460255146,0.11574855074286461,0.0004897255238496142,0.2567098140716553
102,0.07624710500240325,0.069368377327919,0.06091009080410004,0.10423717647790909,0.00048778860081564085,0.24844980239868164
103,0.07483581230044364,0.06898069754242897,0.06330048479139805,0.11157839000225067,0.00048568905202749855,0.24817490577697754
104,0.0740150585770607,0.06961509585380554,0.06123946234583855,0.10396729782223701,0.0004834283164110518,0.2687852382659912
105,0.07306020259857178,0.07112034782767296,0.06411243230104446,0.11457857117056847,0.00048100794336156604,0.2601633071899414
106,0.07158518321812153,0.06866705045104027,0.05916992574930191,0.10048596188426018,0.0004784295916818289,0.23950672149658203
107,0.07079339176416397,0.06770835071802139,0.06180749274790287,0.09985223039984703,0.0004756950284452903,0.24591350555419922
108,0.070788099989295,0.06781578436493874,0.05913711152970791,0.09937907382845879,0.0004728061277849978,0.24485445022583008
109,0.07034487053751945,0.0666603371500969,0.05914682894945145,0.1008397564291954,0.00046976486960916035,0.24655365943908691
110,0.06923172697424888,0.06773089617490768,0.06152765266597271,0.1030426137149334,0.0004665733382442175,0.24565410614013672
111,0.07072198837995529,0.06700978428125381,0.056515613570809364,0.09640826284885406,0.000463233721006346,0.2596597671508789
112,0.06899871379137039,0.065767552703619,0.05817109905183315,0.09673178941011429,0.00045974830670238333,0.24915695190429688
113,0.06795050203800201,0.06476303189992905,0.05731341615319252,0.09637944027781487,0.00045611948406119293,0.25882625579833984
114,0.06852549463510513,0.06484509259462357,0.05602126754820347,0.0885993242263794,0.0004523497400965494,0.25623321533203125
115,0.06860723048448562,0.06420017406344414,0.05831044167280197,0.1001991331577301,0.00044844165840266317,0.2439711093902588
116,0.0679403342306614,0.06482990458607674,0.053446751087903976,0.08939690515398979,0.00044439791738351423,0.2527801990509033
117,0.06775421909987926,0.06279453635215759,0.051117533817887306,0.0844600461423397,0.00044022128841720773,0.24271178245544434
118,0.06726426929235459,0.06151236966252327,0.055284250527620316,0.08711602911353111,0.0004359146339566099,0.24628543853759766
119,0.0660666584968567,0.06237216107547283,0.04926604405045509,0.07591401785612106,0.00043148090556756574,0.24693512916564941
120,0.06619348973035813,0.06090798228979111,0.053526440635323524,0.08124852553009987,0.0004269231419060436,0.23754239082336426
121,0.06479503735899925,0.0615568682551384,0.055419519543647766,0.08610311523079872,0.0004222444666355916,0.25702452659606934
122,0.0635317962616682,0.06041720137000084,0.050115710124373436,0.07270913198590279,0.00041744808628653516,0.24699091911315918
123,0.0632665690034628,0.05918062664568424,0.04947713389992714,0.07941515743732452,0.00041253728805838084,0.23977112770080566
124,0.06282449848949909,0.059971245005726814,0.04869494400918484,0.07786767184734344,0.00040751543756693446,0.2438666820526123
125,0.06199581697583199,0.058311210945248604,0.050736233592033386,0.07664649188518524,0.0004023859765376758,0.24849748611450195
126,0.061683989316225055,0.05910424515604973,0.05488239973783493,0.08892643079161644,0.00039715242044697206,0.24911832809448242
127,0.062141671776771545,0.06007536128163338,0.04994435794651508,0.08002037927508354,0.0003918183561127458,0.23680901527404785
128,0.061588851362466814,0.058038439601659775,0.051873739808797836,0.07623773440718651,0.0003863874392362493,0.25585341453552246
129,0.061696282401680944,0.06028061918914318,0.05024033598601818,0.07985958829522133,0.00038086339189662925,0.26354360580444336
130,0.062202196568250656,0.058822277933359146,0.048325708135962486,0.07602739334106445,0.00037525000000000004,0.24743318557739258
131,0.06213376447558403,0.05778892897069454,0.04932349920272827,0.0791056714951992,0.00036955111068477236,0.24642682075500488
132,0.0608138058334589,0.057713352143764496,0.04900423623621464,0.0758499763906002,0.00036377062968501693,0.25159645080566406
133,0.0597170177847147,0.059591105207800865,0.04998316988348961,0.08113174140453339,0.00035791251865366965,0.24095535278320312
134,0.06208987534046173,0.05723482184112072,0.045244161039590836,0.06999387592077255,0.0003519807924474122,0.24783658981323242
135,0.05930495224893093,0.05620050057768822,0.04883137159049511,0.07294947281479836,0.00034597951637508993,0.24740815162658691
136,0.059643755108118056,0.057957105338573456,0.05061884596943855,0.0767299272119999,0.0003399128034115525,0.24829697608947754
137,0.060119201242923734,0.05511762946844101,0.04581344872713089,0.06845740601420403,0.00033378481137882584,0.24876070022583008
138,0.05908734649419785,0.0546849500387907,0.04821653477847576,0.07410520315170288,0.0003275997400965494,0.2457897663116455
139,0.05931365787982941,0.05601203814148903,0.04951992444694042,0.07113814726471901,0.00032136182850362875,0.24939775466918945
140,0.05946251377463341,0.054493656381964684,0.048353275284171104,0.07076198235154152,0.0003150753517530789,0.24207186698913574
141,0.05749136358499527,0.054839324206113815,0.048108113929629326,0.07416807115077972,0.00030874461828204845,0.25627946853637695
142,0.0579476960003376,0.05551457405090332,0.04768577218055725,0.07067014649510384,0.0003023739668590309,0.2579193115234375
143,0.05628711953759193,0.05452081561088562,0.04928983934223652,0.06890461221337318,0.00029596776361029084,0.2428271770477295
144,0.05664625689387322,0.05499465577304363,0.046397265046834946,0.06961584463715553,0.00028953039902753766,0.24966955184936523
145,0.05620592460036278,0.052939169108867645,0.04403560422360897,0.06328417733311653,0.0002830662849589029,0.24615192413330078
146,0.056282636150717734,0.053683144971728325,0.04836997576057911,0.06790090724825859,0.00027657985158527956,0.2433760166168213
147,0.056376881524920465,0.053862886503338814,0.045248713344335556,0.06616793014109135,0.00027007554438409736,0.25644969940185547
148,0.056581448018550876,0.05222364887595177,0.044527431949973106,0.06619158200919628,0.0002635578210826145,0.2443385124206543
149,0.05585412457585335,0.05304948799312115,0.04721984267234802,0.06984303519129753,0.00025703114860281437,0.24433183670043945
150,0.055412263795733455,0.053217630833387375,0.0424425657838583,0.06250575929880142,0.00025050000000000007,0.25300097465515137
1,0.1407306283712387,0.12655560299754143,0.15377654135227203,0.2661096155643463,0.0004986332128943842,0.4971489906311035
2,0.13597255945205688,0.12407685071229935,0.1468399316072464,0.2582472562789917,0.0004945478263830845,0.22951722145080566
3,0.13105561435222626,0.12339692562818527,0.14184419065713882,0.25505781173706055,0.00048778860081564085,0.23533415794372559
4,0.12968462705612183,0.12353921309113503,0.13881739228963852,0.255561038851738,0.0004784295916818289,0.23291873931884766
5,0.13354672119021416,0.12373286113142967,0.13825909048318863,0.25912244617938995,0.0004665733382442175,0.23840856552124023
6,0.13267254084348679,0.12241963669657707,0.13660970330238342,0.25482094287872314,0.0004523497400965494,0.22877764701843262
7,0.13045261725783347,0.12142708897590637,0.13553259521722794,0.25267066061496735,0.0004359146339566099,0.22330570220947266
8,0.12777325361967087,0.11994051933288574,0.1332264021039009,0.24786415696144104,0.00041744808628653516,0.23305249214172363
9,0.1273902989923954,0.11696401983499527,0.12832588329911232,0.23654909431934357,0.00039715242044697206,0.2300713062286377
10,0.12593002319335939,0.11542652547359467,0.12716205045580864,0.2326059564948082,0.00037525000000000004,0.2379763126373291
11,0.12484403103590011,0.11384270340204239,0.12445522472262383,0.22803204506635666,0.0003519807924474122,0.23367047309875488
12,0.12436954230070114,0.11315001547336578,0.12470566481351852,0.22631198167800903,0.0003275997400965494,0.23006439208984375
13,0.11898823902010917,0.11262039095163345,0.12312950566411018,0.22540462017059326,0.0003023739668590309,0.2360553741455078
14,0.11842839047312737,0.11100762709975243,0.12139447778463364,0.22123412042856216,0.00027657985158527956,0.22878479957580566
15,0.11961482614278793,0.11020030453801155,0.12128332257270813,0.22105373442173004,0.00025050000000000007,0.22509193420410156
16,0.1179384708404541,0.10965132713317871,0.12034709006547928,0.21911617368459702,0.0002244201484147205,0.23067641258239746
17,0.11629013195633889,0.10983795672655106,0.12103442847728729,0.2207350954413414,0.00019862603314096903,0.22202301025390625
18,0.11916927844285966,0.10665077343583107,0.11721131578087807,0.2100299671292305,0.00017340025990345064,0.22873163223266602
19,0.1192554660141468,0.10631486400961876,0.11585172265768051,0.20843622088432312,0.00014901920755258787,0.22311806678771973
1,0.13713368418670835,0.12449645809829235,0.14852824434638023,0.2611732855439186,0.0004986332128943842,0.6991291046142578
2,0.13440292612427757,0.12354883551597595,0.14150658063590527,0.25496692582964897,0.0004945478263830845,0.39145374298095703
3,0.1309986323827789,0.12212168425321579,0.13645618595182896,0.25261521711945534,0.00048778860081564085,0.39494991302490234
4,0.13108908172164643,0.12136375717818737,0.13507714681327343,0.25214051082730293,0.0004784295916818289,0.38884496688842773
5,0.1277787181593123,0.12069056183099747,0.13469714857637882,0.25181786343455315,0.0004665733382442175,0.41400766372680664
6,0.12584190318981806,0.11961792036890984,0.13595007732510567,0.2514149472117424,0.0004523497400965494,0.4462873935699463
7,0.1222216465643474,0.1170522179454565,0.12771776132285595,0.23944678530097008,0.0004359146339566099,0.39165377616882324
8,0.11957972603184837,0.11072868667542934,0.12215709313750267,0.22470390424132347,0.00041744808628653516,0.38704347610473633
9,0.11657000581423442,0.11173440329730511,0.12381292507052422,0.22906307503581047,0.00039715242044697206,0.3990457057952881
10,0.11480192024083365,0.11305121891200542,0.12057584896683693,0.2276180014014244,0.00037525000000000004,0.3950161933898926
11,0.11492827570154554,0.10920260101556778,0.11767577938735485,0.21686122193932533,0.0003519807924474122,0.38519716262817383
12,0.11118680096807934,0.10697358846664429,0.11246375180780888,0.20569564402103424,0.0003275997400965494,0.3963894844055176
13,0.108709417283535,0.1021223682910204,0.10392443835735321,0.18903640657663345,0.0003023739668590309,0.39652395248413086
14,0.10894837727149327,0.1059561986476183,0.10984848998486996,0.20566756650805473,0.00027657985158527956,0.39243292808532715
15,0.10838138737848826,0.09916927292943001,0.10146777518093586,0.18288525938987732,0.00025050000000000007,0.38738536834716797
16,0.1040019698086239,0.09752785041928291,0.099027369171381,0.17825011909008026,0.0002244201484147205,0.3922615051269531
17,0.104665678526674,0.09608853422105312,0.09874133579432964,0.1764950193464756,0.00019862603314096903,0.38645315170288086
18,0.10335375120242436,0.09587139077484608,0.09896889328956604,0.17801745608448982,0.00017340025990345064,0.3873789310455322
19,0.10225926268668402,0.09482394717633724,0.09662950970232487,0.1752479001879692,0.00014901920755258787,0.3920016288757324
20,0.1000548657916841,0.09240232780575752,0.09445320442318916,0.1701415628194809,0.00012575000000000005,0.3861734867095947
21,0.10164643966016315,0.09203744307160378,0.09488204307854176,0.16801699250936508,0.00010384757955302797,0.39379119873046875
22,0.10176641990741093,0.09185429662466049,0.0926885548979044,0.16900820657610893,8.355191371346494e-05,0.3855135440826416
23,0.09803289033117749,0.09180070087313652,0.09271569363772869,0.1702849119901657,6.508536604339018e-05,0.3969137668609619
24,0.09898847980158669,0.09040118008852005,0.09087352827191353,0.16344064474105835,4.865025990345063e-05,0.3874783515930176
25,0.09734460001900083,0.09056183509528637,0.09109870344400406,0.16478414088487625,3.442666175578254e-05,0.40987086296081543
26,0.09994673161279588,0.09052265994250774,0.09094133786857128,0.16374552249908447,2.2570408318171056e-05,0.41388583183288574
27,0.09886060548680169,0.09054503217339516,0.0910302884876728,0.16400721296668053,1.3211399184359193e-05,0.3841533660888672
28,0.09874111094645091,0.09035919606685638,0.09077763184905052,0.16354062780737877,6.45217361691548e-06,0.39713358879089355
29,0.09842336248783838,0.09013411961495876,0.09052565135061741,0.16293727606534958,2.3667871056157862e-06,0.3864762783050537
30,0.09765859906162534,0.09010718017816544,0.09049031883478165,0.16286050528287888,0.0005,0.3920125961303711
31,0.09950141324883416,0.09309953264892101,0.10224093869328499,0.18220579996705055,0.0004996580689212662,0.38588833808898926
32,0.09998884690659386,0.09037904255092144,0.09572104550898075,0.16885824501514435,0.0004986332128943842,0.3946106433868408
33,0.0945628604718617,0.08621773682534695,0.08768911473453045,0.15242377668619156,0.0004969282409784868,0.3910655975341797
34,0.09494101575442723,0.08846578560769558,0.0919650737196207,0.16772351786494255,0.0004945478263830845,0.3816566467285156
35,0.09537180903412047,0.08686907589435577,0.08291914127767086,0.1518140435218811,0.0004914984936591225,0.39606571197509766
36,0.0938941580908639,0.08656726032495499,0.08976051397621632,0.166369266808033,0.00048778860081564085,0.3908858299255371
37,0.09353155678226835,0.08520408347249031,0.08442806266248226,0.15253502503037453,0.0004834283164110518,0.3858928680419922
38,0.09322812798477355,0.0817257221788168,0.08223113045096397,0.14447212778031826,0.0004784295916818289,0.39623236656188965
39,0.09293878007502783,0.08332354947924614,0.08100822381675243,0.1488923467695713,0.0004728061277849978,0.3866419792175293
40,0.0889685991264525,0.08273679949343204,0.0817629937082529,0.1473204717040062,0.0004665733382442175,0.40277576446533203
41,0.09078779994022279,0.0792370643466711,0.08006143756210804,0.14113327488303185,0.00045974830670238333,0.409912109375
42,0.08639743640309289,0.07890688814222813,0.07697425130754709,0.1379486881196499,0.0004523497400965494,0.3924984931945801
43,0.08405446722393944,0.07395599409937859,0.07009738590568304,0.12105763703584671,0.00044439791738351423,0.3842611312866211
44,0.08333421143747512,0.07572299987077713,0.07233649305999279,0.13460827246308327,0.0004359146339566099,0.39339542388916016
45,0.0861072763800621,0.07510518096387386,0.07396166678518057,0.12827262841165066,0.0004269231419060436,0.3859395980834961
46,0.08431306197529748,0.07429328560829163,0.07195712439715862,0.1299467235803604,0.00041744808628653516,0.387831449508667
47,0.0813215250770251,0.07361428625881672,0.06994211301207542,0.12326222658157349,0.00040751543756693446,0.40082716941833496
48,0.08103827706405095,0.07419494725763798,0.06849205028265715,0.12077412381768227,0.00039715242044697206,0.3869199752807617
49,0.08079567888662928,0.0731276422739029,0.07007604092359543,0.12212175875902176,0.0003863874392362493,0.4183619022369385
50,0.08053876778909139,0.07319519110023975,0.07175064645707607,0.12422922626137733,0.00037525000000000004,0.4196305274963379
51,0.07962830967846371,0.0734320767223835,0.06466401927173138,0.11730258911848068,0.00036377062968501693,0.4045076370239258
52,0.0784311532264664,0.0737468209117651,0.0696373637765646,0.12816996313631535,0.0003519807924474122,0.39435839653015137
53,0.07840851623387564,0.07232279144227505,0.07248945347964764,0.12458622269332409,0.0003399128034115525,0.39509034156799316
54,0.07761822232887858,0.07226597890257835,0.07406516093760729,0.13097327388823032,0.0003275997400965494,0.38782811164855957
55,0.07716796245603334,0.07088241912424564,0.06954959034919739,0.12796359695494175,0.0003150753517530789,0.38860511779785156
56,0.07646241145474571,0.06990110874176025,0.06504097767174244,0.1125893983989954,0.0003023739668590309,0.3953862190246582
57,0.07468540274671145,0.07006682269275188,0.06469277199357748,0.11091393791139126,0.00028953039902753766,0.4002988338470459
58,0.07358563141453833,0.06962517090141773,0.06255090329796076,0.11279246024787426,0.00027657985158527956,0.390841007232666
59,0.07341748334112622,0.06882794760167599,0.06333997938781977,0.1064460314810276,0.0002635578210826145,0.39482545852661133
60,0.07201785558745974,0.06694474164396524,0.06304487586021423,0.11062139086425304,0.00025050000000000007,0.3919088840484619
61,0.07157111150168237,0.06850702315568924,0.06380215100944042,0.11189239099621773,0.00023744217891738555,0.3959941864013672
62,0.07208399971326192,0.06846913415938616,0.06821587216109037,0.11902479082345963,0.0002244201484147205,0.4024801254272461
63,0.07026013785174914,0.0664794621989131,0.05866381525993347,0.1027286909520626,0.0002114696009724624,0.39807653427124023
64,0.07177529288899331,0.06518477480858564,0.059734540060162544,0.10441401414573193,0.00019862603314096903,0.3850398063659668
65,0.06866128192771048,0.06638962589204311,0.06295638252049685,0.11028815619647503,0.00018592464824692109,0.38954830169677734
66,0.06877660432032176,0.06628345418721437,0.06173407193273306,0.10756270214915276,0.00017340025990345064,0.4144728183746338
67,0.06905033137826692,0.06554099079221487,0.05817293655127287,0.10412963852286339,0.00016108719658844759,0.3881559371948242
68,0.06872498900407836,0.06392216309905052,0.0602397071197629,0.1047735009342432,0.00014901920755258787,0.3921821117401123
69,0.06752331714544978,0.06282369419932365,0.056466590613126755,0.09751970693469048,0.00013722937031498307,0.39606523513793945
70,0.0670773775449821,0.06230479013174772,0.05853696446865797,0.10135934129357338,0.00012575000000000005,0.38919687271118164
71,0.06726418506531488,0.06263389065861702,0.05677504185587168,0.09886875376105309,0.00011461256076375082,0.3936176300048828
72,0.06682629315626054,0.06142303068190813,0.057844785042107105,0.09810396656394005,0.00010384757955302797,0.407867431640625
73,0.06663819384716806,0.06168740801513195,0.05708000157028437,0.09742039814591408,9.348456243306559e-05,0.3924407958984375
74,0.06550861345160575,0.060157857835292816,0.05534790176898241,0.09337138198316097,8.355191371346494e-05,0.3960716724395752
75,0.06484076469427064,0.06070972420275211,0.05618973448872566,0.09566966630518436,7.40768580939564e-05,0.4024384021759033
76,0.06377810860673587,0.06032875832170248,0.05457829590886831,0.0929906852543354,6.508536604339018e-05,0.3901665210723877
77,0.06491808788407416,0.061017963103950024,0.05565425381064415,0.09544750116765499,5.660208261648575e-05,0.38951659202575684
78,0.06309208131971814,0.060861384496092796,0.05667137634009123,0.09741990454494953,4.865025990345063e-05,0.39744997024536133
79,0.06457124437604632,0.06076609995216131,0.05599300377070904,0.09678823873400688,4.1251693297616726e-05,0.4319286346435547
80,0.0639720234487738,0.06042801309376955,0.056350029073655605,0.09596511721611023,3.442666175578254e-05,0.4138035774230957
81,0.0635480588035924,0.06038923189043999,0.057073209434747696,0.09657108224928379,2.8193872215002235e-05,0.40193724632263184
82,0.06342650009762674,0.060344379395246506,0.05639244429767132,0.09582469426095486,2.2570408318171056e-05,0.3871486186981201
83,0.062004249897741136,0.06029961630702019,0.0565508333966136,0.09681887552142143,1.7571683588948164e-05,0.39947962760925293
84,0.0623482373498735,0.06039915233850479,0.0568104162812233,0.0971202626824379,1.3211399184359193e-05,0.3815920352935791
85,0.06280996490802083,0.060602156445384026,0.057113830000162125,0.09777448885142803,9.501506340877456e-06,0.4067072868347168
86,0.06137822479719207,0.060456372797489166,0.0564369922503829,0.09683550894260406,6.45217361691548e-06,0.3863034248352051
87,0.062023693606967016,0.060347055085003376,0.056158095598220825,0.09630039520561695,4.071759021513154e-06,0.3881795406341553
88,0.06260561304433006,0.06023354455828667,0.056104669347405434,0.09608233906328678,2.3667871056157862e-06,0.39937376976013184
89,0.06281592945257823,0.06018334720283747,0.05609099846333265,0.09601239860057831,1.3419310787338286e-06,0.42249035835266113
90,0.06255200806827772,0.060188427567481995,0.05613610800355673,0.09610719606280327,0.0005,0.40326786041259766
91,0.06596171394700096,0.06564505491405725,0.06223446689546108,0.1077696792781353,0.0004999145025814015,0.39433979988098145
92,0.06983378157019615,0.06430969573557377,0.05672337953001261,0.09915308095514774,0.0004996580689212662,0.3917715549468994
93,0.06936705839775857,0.06544416770339012,0.05907990410923958,0.10599049180746078,0.0004992308747664155,0.3901500701904297
94,0.06584604616676058,0.06402918696403503,0.0646683918312192,0.10700959898531437,0.0004986332128943842,0.3988668918609619
95,0.06736349403148606,0.0634443424642086,0.06377342902123928,0.10927537642419338,0.0004978654929127657,0.38619494438171387
96,0.06643931727324213,0.06075427960604429,0.053934008814394474,0.08902687579393387,0.0004969282409784868,0.39608192443847656
97,0.06579303315707616,0.06274600140750408,0.05690339580178261,0.09800746850669384,0.0004958220994372067,0.42554664611816406
98,0.06702238445480664,0.06359220296144485,0.062474917620420456,0.10295537672936916,0.0004945478263830845,0.3938453197479248
99,0.06482426804446038,0.059584444388747215,0.05635982844978571,0.09305265545845032,0.0004931062951392203,0.4005711078643799
100,0.0627467960474037,0.06093753594905138,0.06322639714926481,0.10452094487845898,0.0004914984936591225,0.38819217681884766
101,0.06421525989259992,0.06183148920536041,0.056344917975366116,0.09412292018532753,0.0004897255238496142,0.3967447280883789
102,0.06415846872897375,0.06154249794781208,0.059420072473585606,0.10274986736476421,0.00048778860081564085,0.3993656635284424
103,0.06535103384937559,0.0600754888728261,0.057422932237386703,0.09613057598471642,0.00048568905202749855,0.38733434677124023
104,0.061777014107931225,0.057261500507593155,0.05185845959931612,0.08590561710298061,0.0004834283164110518,0.395111083984375
105,0.06143878418065253,0.06122186500579119,0.061322334222495556,0.10654013231396675,0.00048100794336156604,0.38845205307006836
106,0.06108803284310159,0.0593010475859046,0.05350391939282417,0.08790177293121815,0.0004784295916818289,0.39603590965270996
107,0.06192389432163466,0.05833657272160053,0.055499760434031487,0.09057101048529148,0.0004756950284452903,0.4068868160247803
108,0.060095488138142084,0.05989559926092625,0.05752877239137888,0.09890200570225716,0.0004728061277849978,0.39611172676086426
109,0.06156022793480328,0.057564033195376396,0.04897796828299761,0.0846740324050188,0.00046976486960916035,0.39211058616638184
110,0.05983625973264376,0.05492817610502243,0.05057612806558609,0.08693409152328968,0.0004665733382442175,0.39223241806030273
111,0.06062896815793855,0.05278394278138876,0.04405297618359327,0.07263769116252661,0.000463233721006346,0.4923593997955322
112,0.056526405115922294,0.05356527678668499,0.048246768303215504,0.07976721785962582,0.00045974830670238333,0.38488006591796875
113,0.057325372915892375,0.05284020584076643,0.04664213117212057,0.07899785228073597,0.00045611948406119293,0.39536285400390625
114,0.057141666078851336,0.05570070259273052,0.05428325943648815,0.09070644527673721,0.0004523497400965494,0.39537549018859863
115,0.05904441078503927,0.054846351966261864,0.04486015718430281,0.07597378082573414,0.00044844165840266317,0.39385509490966797
116,0.0570970308922586,0.05560820735991001,0.055035969242453575,0.09464969485998154,0.00044439791738351423,0.39165759086608887
117,0.0574652109117735,0.05549162067472935,0.05086428392678499,0.08533880114555359,0.00044022128841720773,0.39371681213378906
118,0.056848594830149694,0.05353250913321972,0.04683774895966053,0.07864121906459332,0.0004359146339566099,0.4086341857910156
119,0.0557275153696537,0.05363625008612871,0.04979924205690622,0.0825466439127922,0.00043148090556756574,0.38910365104675293
120,0.05660688504576683,0.051494305953383446,0.0476883789524436,0.07839630357921124,0.0004269231419060436,0.41702795028686523
121,0.05400358530737105,0.05270092282444239,0.04467007238417864,0.07389942556619644,0.0004222444666355916,0.4023585319519043
122,0.055392095198233925,0.05382328759878874,0.05622860696166754,0.09865360707044601,0.00041744808628653516,0.40015459060668945
123,0.055511901421206336,0.05425315257161856,0.0504453182220459,0.08443101495504379,0.00041253728805838084,0.4035632610321045
124,0.055474789369673955,0.0527823893353343,0.05241113156080246,0.08458107337355614,0.00040751543756693446,0.39267778396606445
125,0.05510450296458744,0.052977713756263256,0.04812069796025753,0.08112954534590244,0.0004023859765376758,0.38875818252563477
126,0.05371785820240066,0.05151014123111963,0.042129527777433395,0.07228076457977295,0.00039715242044697206,0.4121851921081543
127,0.054096864625102,0.05083808209747076,0.04350838251411915,0.07312703691422939,0.0003918183561127458,0.3913102149963379
128,0.05416478500479743,0.05016411002725363,0.04874956887215376,0.08021618984639645,0.0003863874392362493,0.4085416793823242
129,0.05303100727143742,0.04977430682629347,0.041778599843382835,0.06736812088638544,0.00038086339189662925,0.41545796394348145
130,0.051267932390882856,0.050637077540159225,0.0439217584207654,0.06994440406560898,0.00037525000000000004,0.3977200984954834
131,0.052115899111543386,0.04876350797712803,0.042534167878329754,0.06903056800365448,0.00036955111068477236,0.38962221145629883
132,0.05106556912263235,0.04974867310374975,0.037301039323210716,0.05889454111456871,0.00036377062968501693,0.40196704864501953
133,0.05261810656104769,0.05020667240023613,0.04460865259170532,0.0729016438126564,0.00035791251865366965,0.3962221145629883
134,0.05159504037527811,0.0502009280025959,0.046834640204906464,0.0764919351786375,0.0003519807924474122,0.3935105800628662
135,0.05184754640573547,0.04938336741179228,0.047451150603592396,0.07727806456387043,0.00034597951637508993,0.3951234817504883
136,0.05083256161638668,0.0494197616353631,0.04832360055297613,0.07855377811938524,0.0003399128034115525,0.3948814868927002
137,0.05028395638579414,0.04969251435250044,0.03977172262966633,0.05995897762477398,0.00033378481137882584,0.39941930770874023
138,0.05182118997687385,0.04954236373305321,0.04286961071193218,0.07035590894520283,0.0003275997400965494,0.3950016498565674
139,0.051665447652339935,0.047594306990504265,0.04180655814707279,0.07123115751892328,0.00032136182850362875,0.3912472724914551
140,0.049812059317316325,0.04652286786586046,0.039633904583752155,0.06266885530203581,0.0003150753517530789,0.3853588104248047
141,0.05153216315167291,0.04732602275907993,0.03942443989217281,0.06274423655122519,0.00030874461828204845,0.3893141746520996
142,0.04939790460325423,0.046971085481345654,0.038228489458560944,0.058348409831523895,0.0003023739668590309,0.3967585563659668
143,0.048049453645944595,0.04611130338162184,0.04173616599291563,0.06609973218291998,0.00029596776361029084,0.39861464500427246
144,0.04752354252906073,0.04679472744464874,0.039136110339313745,0.06207386776804924,0.00028953039902753766,0.39122509956359863
145,0.04752884131102335,0.046462916769087315,0.0396600104868412,0.06284257024526596,0.0002830662849589029,0.3926241397857666
146,0.048297202125901266,0.044807736761868,0.03764320025220513,0.055973444133996964,0.00027657985158527956,0.39363837242126465
147,0.04833250510550681,0.044436851516366005,0.03833500621840358,0.05775252636522055,0.00027007554438409736,0.398212194442749
148,0.04784545124996276,0.04473272245377302,0.03735337033867836,0.05770260654389858,0.0002635578210826145,0.41556215286254883
149,0.046962949846472056,0.044275516644120216,0.0383747024461627,0.05966906435787678,0.00025703114860281437,0.4129486083984375
150,0.04661161133221218,0.043917796574532986,0.03550685569643974,0.05470569245517254,0.00025050000000000007,0.38459110260009766
1,0.14888602495193481,0.1264033503830433,0.1520167514681816,0.26209181547164917,0.0004986332128943842,0.4756622314453125
2,0.13447426930069922,0.12484870851039886,0.14703041315078735,0.259923055768013,0.0004945478263830845,0.22582697868347168
3,0.13270103111863135,0.12319450825452805,0.1406249701976776,0.2526983171701431,0.00048778860081564085,0.21380281448364258
4,0.13440035954117774,0.12340030819177628,0.138461634516716,0.25429658591747284,0.0004784295916818289,0.21660971641540527
5,0.13329909816384317,0.12330564111471176,0.13749713450670242,0.2577238529920578,0.0004665733382442175,0.2186272144317627
6,0.13214254453778268,0.1217339038848877,0.13454027473926544,0.25210919976234436,0.0004523497400965494,0.2181713581085205
7,0.13107139095664025,0.12062956392765045,0.1333010345697403,0.2492261528968811,0.0004359146339566099,0.2137150764465332
8,0.1321580871939659,0.11911384016275406,0.13120213896036148,0.2456083670258522,0.00041744808628653516,0.21534061431884766
9,0.1254178062081337,0.11782533675432205,0.13002105802297592,0.2423548325896263,0.00039715242044697206,0.2372586727142334
10,0.12834646329283714,0.1169775016605854,0.1289227455854416,0.24015645682811737,0.00037525000000000004,0.21564412117004395
11,0.12492368519306182,0.11453431844711304,0.12542156130075455,0.23008233308792114,0.0003519807924474122,0.2250070571899414
12,0.12168664559721946,0.11358385905623436,0.12334423139691353,0.22606388479471207,0.0003275997400965494,0.22233271598815918
13,0.1258414037525654,0.11213919520378113,0.12191495299339294,0.22125715017318726,0.0003023739668590309,0.2555253505706787
14,0.12200380489230156,0.1129380613565445,0.12299326062202454,0.22546841204166412,0.00027657985158527956,0.216749906539917
15,0.11889410242438317,0.11359287425875664,0.12291125953197479,0.2270880937576294,0.00025050000000000007,0.21144914627075195
16,0.11852383837103844,0.11013687029480934,0.12179330736398697,0.21869882196187973,0.0002244201484147205,0.21560072898864746
17,0.11595795378088951,0.10880320891737938,0.11851257458329201,0.21353504806756973,0.00019862603314096903,0.21596813201904297
18,0.11620294377207756,0.10701660811901093,0.1168571375310421,0.21004294604063034,0.00017340025990345064,0.2145082950592041
19,0.11673668175935745,0.10638611018657684,0.11658826842904091,0.20994260907173157,0.00014901920755258787,0.2084035873413086
20,0.11723131388425827,0.10662680491805077,0.11494848504662514,0.20768509805202484,0.00012575000000000005,0.21752595901489258
21,0.1161058247089386,0.10626761615276337,0.11484119296073914,0.20748423784971237,0.00010384757955302797,0.21559715270996094
22,0.11496072188019753,0.10519517958164215,0.11408980190753937,0.2057182565331459,8.355191371346494e-05,0.2233426570892334
23,0.111354511231184,0.10483494028449059,0.11328055337071419,0.20480243116617203,6.508536604339018e-05,0.21442008018493652
24,0.1127158097922802,0.1043519377708435,0.11259501054883003,0.20316124707460403,4.865025990345063e-05,0.24782085418701172
25,0.11313919201493264,0.10405740141868591,0.11192493140697479,0.2015271931886673,3.442666175578254e-05,0.21731925010681152
26,0.11402298286557197,0.10393423587083817,0.1114753782749176,0.2002909630537033,2.2570408318171056e-05,0.21181106567382812
27,0.11370005682110787,0.10380489751696587,0.11113302409648895,0.19927098602056503,1.3211399184359193e-05,0.21437478065490723
28,0.11203776895999909,0.10375001654028893,0.11096958070993423,0.19889672100543976,6.45217361691548e-06,0.21756505966186523
29,0.11564913019537926,0.10373871773481369,0.11093424633145332,0.19884107261896133,2.3667871056157862e-06,0.22102642059326172
30,0.11131879463791847,0.10373382270336151,0.11092207953333855,0.198821023106575,0.0005,0.2110295295715332
31,0.11150036454200744,0.10302036255598068,0.11124639958143234,0.20006421953439713,0.0004996580689212662,0.2217552661895752
32,0.11139541268348693,0.10153612121939659,0.10820618271827698,0.19365732371807098,0.0004986332128943842,0.21548962593078613
33,0.10860323011875153,0.09832799434661865,0.10462915524840355,0.1782752275466919,0.0004969282409784868,0.21168780326843262
34,0.10888042747974395,0.09973390027880669,0.11170373111963272,0.19147998094558716,0.0004945478263830845,0.21534347534179688
35,0.10926727354526519,0.09694640710949898,0.10115193203091621,0.1765599101781845,0.0004914984936591225,0.21299362182617188
36,0.10754448547959328,0.09565623849630356,0.10121188312768936,0.17619674652814865,0.00048778860081564085,0.2194230556488037
37,0.10543314442038536,0.09555422887206078,0.10559291020035744,0.18291088193655014,0.0004834283164110518,0.2205359935760498
38,0.10621525347232819,0.09467391297221184,0.10552163794636726,0.18597254902124405,0.0004784295916818289,0.2124195098876953
39,0.10780769512057305,0.0911070741713047,0.09599995613098145,0.16372781246900558,0.0004728061277849978,0.22291135787963867
40,0.10420550033450127,0.09184879809617996,0.09811585023999214,0.17051860690116882,0.0004665733382442175,0.2167506217956543
41,0.10115950480103493,0.08926526084542274,0.09382196888327599,0.16249018162488937,0.00045974830670238333,0.21334600448608398
42,0.10068125054240226,0.08919169753789902,0.09044147282838821,0.15811748057603836,0.0004523497400965494,0.21569180488586426
43,0.09966044276952743,0.08744322881102562,0.08960068598389626,0.15587583184242249,0.00044439791738351423,0.21186113357543945
44,0.09780090153217316,0.08593206852674484,0.08461390808224678,0.14638757705688477,0.0004359146339566099,0.21757721900939941
45,0.09741346687078475,0.08495081216096878,0.08432909846305847,0.14388784021139145,0.0004269231419060436,0.2209761142730713
46,0.09427216425538062,0.08576058596372604,0.08588998392224312,0.14890174567699432,0.00041744808628653516,0.21922564506530762
47,0.09826073497533798,0.08445078879594803,0.08331656083464622,0.13902830332517624,0.00040751543756693446,0.21446442604064941
48,0.09468706324696541,0.08292815834283829,0.08316241204738617,0.13951478898525238,0.00039715242044697206,0.21614933013916016
49,0.09348619505763053,0.08280348777770996,0.08259512484073639,0.14335045218467712,0.0003863874392362493,0.2187654972076416
50,0.0937939427793026,0.08247052505612373,0.07909636944532394,0.13688703626394272,0.00037525000000000004,0.23061203956604004
51,0.09025005102157593,0.0819062739610672,0.08092160150408745,0.13535768538713455,0.00036377062968501693,0.22162652015686035
52,0.09150953590869904,0.08107239007949829,0.08148085325956345,0.13674838095903397,0.0003519807924474122,0.2236919403076172
53,0.09308234304189682,0.08013073354959488,0.0780375599861145,0.13310108333826065,0.0003399128034115525,0.24189281463623047
54,0.08996162340044975,0.08096731454133987,0.0813162587583065,0.13955756276845932,0.0003275997400965494,0.21793293952941895
55,0.08857698664069176,0.08119665831327438,0.0788046233355999,0.1383875384926796,0.0003150753517530789,0.21390843391418457
56,0.08912345692515374,0.07943589612841606,0.07947609946131706,0.1342529058456421,0.0003023739668590309,0.2203521728515625
57,0.08696179464459419,0.0793498046696186,0.07589197531342506,0.13418203592300415,0.00028953039902753766,0.2239820957183838
58,0.08864175975322723,0.07828965783119202,0.07469142600893974,0.13070325925946236,0.00027657985158527956,0.2157764434814453
59,0.08867577090859413,0.076473169028759,0.07379041239619255,0.12344077974557877,0.0002635578210826145,0.21172285079956055
60,0.0871370367705822,0.07649756595492363,0.07365023717284203,0.12547756731510162,0.00025050000000000007,0.21971464157104492
61,0.08483253791928291,0.07696910947561264,0.07515163719654083,0.13404814153909683,0.00023744217891738555,0.22550749778747559
62,0.08534936606884003,0.07667842879891396,0.07265652343630791,0.12670079618692398,0.0002244201484147205,0.224714994430542
63,0.08646133095026017,0.07666719704866409,0.07620205730199814,0.1315990760922432,0.0002114696009724624,0.22300052642822266
64,0.08382531404495239,0.07489974796772003,0.07195515558123589,0.1225476898252964,0.00019862603314096903,0.21402692794799805
65,0.08458836078643799,0.07465893030166626,0.07329560443758965,0.121676005423069,0.00018592464824692109,0.21474790573120117
66,0.08488504663109779,0.07376805692911148,0.07081196084618568,0.11792095005512238,0.00017340025990345064,0.21968483924865723
67,0.08315888941287994,0.07322106882929802,0.06995433568954468,0.11880538985133171,0.00016108719658844759,0.21247625350952148
68,0.0829769216477871,0.07438548281788826,0.07239022105932236,0.12637309730052948,0.00014901920755258787,0.21573853492736816
69,0.08224358931183814,0.07349839061498642,0.06880176812410355,0.12090890109539032,0.00013722937031498307,0.21225523948669434
70,0.08012720867991448,0.0736420527100563,0.07073090225458145,0.12007856369018555,0.00012575000000000005,0.2145850658416748
71,0.08087442144751548,0.07301275432109833,0.06755290739238262,0.116579569876194,0.00011461256076375082,0.21314311027526855
72,0.08031887337565422,0.07294690608978271,0.06815235689282417,0.11775970831513405,0.00010384757955302797,0.21204686164855957
73,0.08159349486231804,0.07258619368076324,0.06950183771550655,0.11830329895019531,9.348456243306559e-05,0.2153453826904297
74,0.08229121193289757,0.0727262981235981,0.07060213014483452,0.1206762045621872,8.355191371346494e-05,0.2169358730316162
75,0.08007117658853531,0.07206510007381439,0.0685825813561678,0.11637680977582932,7.40768580939564e-05,0.22211694717407227
76,0.07954363822937012,0.07199950143694878,0.06863291189074516,0.11666153743863106,6.508536604339018e-05,0.21292996406555176
77,0.08037798404693604,0.07220184057950974,0.06939647160470486,0.11761511862277985,5.660208261648575e-05,0.2220447063446045
78,0.07847408428788186,0.07209625467658043,0.06906871311366558,0.11838647723197937,4.865025990345063e-05,0.21397805213928223
79,0.07903210446238518,0.07175999879837036,0.06743860244750977,0.11580151319503784,4.1251693297616726e-05,0.21930956840515137
80,0.08118565529584884,0.07150749489665031,0.0683195423334837,0.11756386607885361,3.442666175578254e-05,0.21305584907531738
81,0.08030664399266244,0.07147692143917084,0.06860985420644283,0.11823321878910065,2.8193872215002235e-05,0.2141726016998291
82,0.0799868069589138,0.07130341976881027,0.06760170869529247,0.11633782088756561,2.2570408318171056e-05,0.21975159645080566
83,0.08026655539870262,0.07125147059559822,0.06706225872039795,0.11566511169075966,1.7571683588948164e-05,0.21649551391601562
84,0.07859423309564591,0.07124565914273262,0.06682852283120155,0.11544322595000267,1.3211399184359193e-05,0.21302294731140137
85,0.07922673672437668,0.07126970961689949,0.06665718369185925,0.11491631343960762,9.501506340877456e-06,0.2138817310333252
86,0.07960596531629563,0.07124676927924156,0.06671198084950447,0.11474867165088654,6.45217361691548e-06,0.21175932884216309
87,0.07936481386423111,0.07122189179062843,0.06674236059188843,0.11483687907457352,4.071759021513154e-06,0.21394968032836914
88,0.07883685529232025,0.07119200378656387,0.06660794094204903,0.11470000445842743,2.3667871056157862e-06,0.21290230751037598
89,0.07891750559210778,0.07115383446216583,0.0665152445435524,0.11454981565475464,1.3419310787338286e-06,0.21485257148742676
90,0.07766952514648437,0.07115378230810165,0.0665145218372345,0.11454389244318008,0.0005,0.2094738483428955
91,0.07995400801301003,0.07383005321025848,0.0711308941245079,0.12135221436619759,0.0004999145025814015,0.2119154930114746
92,0.08094019070267677,0.07375465333461761,0.0703745000064373,0.1248495876789093,0.0004996580689212662,0.20811200141906738
93,0.08187904730439186,0.07307879254221916,0.07178322970867157,0.12814462557435036,0.0004992308747664155,0.21468806266784668
94,0.08410302177071571,0.07351191714406013,0.06777039915323257,0.1235877126455307,0.0004986332128943842,0.2512996196746826
95,0.08342087343335151,0.07355564832687378,0.07617279142141342,0.1326940357685089,0.0004978654929127657,0.21373653411865234
96,0.08159265294671059,0.07098811864852905,0.06853309273719788,0.12046590447425842,0.0004969282409784868,0.23273634910583496
97,0.07943272739648818,0.07316191866993904,0.07271597906947136,0.12666838616132736,0.0004958220994372067,0.21056413650512695
98,0.07778016328811646,0.07024471461772919,0.0648498609662056,0.11231524124741554,0.0004945478263830845,0.22124075889587402
99,0.07729094251990318,0.07002421841025352,0.06473005190491676,0.11164752393960953,0.0004931062951392203,0.21669721603393555
100,0.0756069578230381,0.06928221136331558,0.0609551128000021,0.10483505576848984,0.0004914984936591225,0.21551132202148438
101,0.07710946574807168,0.0727442167699337,0.07219982519745827,0.12488986179232597,0.0004897255238496142,0.21962404251098633
102,0.07602773755788803,0.06938531249761581,0.0699881911277771,0.11952009797096252,0.00048778860081564085,0.23864126205444336
103,0.0752663180232048,0.07044125720858574,0.0725245289504528,0.12015614658594131,0.00048568905202749855,0.21278905868530273
104,0.07658346444368362,0.06741311773657799,0.06675450317561626,0.11407589912414551,0.0004834283164110518,0.21602225303649902
105,0.07584098428487777,0.06957492232322693,0.07194903120398521,0.12645822390913963,0.00048100794336156604,0.21532845497131348
106,0.07668745145201683,0.07018229365348816,0.06799262203276157,0.11530643329024315,0.0004784295916818289,0.22764277458190918
107,0.07631824314594268,0.06718010827898979,0.06173267029225826,0.10992038995027542,0.0004756950284452903,0.21440434455871582
108,0.07554457634687424,0.06799916550517082,0.061356471851468086,0.108082115650177,0.0004728061277849978,0.221541166305542
109,0.0725833036005497,0.0670158825814724,0.06201789528131485,0.10111070424318314,0.00046976486960916035,0.2144176959991455
110,0.07422681078314781,0.06798098608851433,0.06831061094999313,0.11328736692667007,0.0004665733382442175,0.2169511318206787
111,0.07273089811205864,0.06692789867520332,0.06659661792218685,0.11211824789643288,0.000463233721006346,0.21578478813171387
112,0.07237352952361106,0.06697895377874374,0.06278310716152191,0.10335265472531319,0.00045974830670238333,0.22116661071777344
113,0.07129070647060871,0.06632529199123383,0.06424816884100437,0.11378952115774155,0.00045611948406119293,0.2169656753540039
114,0.07122549414634705,0.06662318482995033,0.06265134178102016,0.10893361270427704,0.0004523497400965494,0.222092866897583
115,0.07202510759234429,0.06529028341174126,0.060355741530656815,0.1007450670003891,0.00044844165840266317,0.21943092346191406
116,0.07167185917496681,0.06601167097687721,0.06392326019704342,0.11089847609400749,0.00044439791738351423,0.21789956092834473
117,0.07056258767843246,0.06635800376534462,0.06718984618782997,0.11366472765803337,0.00044022128841720773,0.2108907699584961
118,0.0702490195631981,0.06501241400837898,0.0630731750279665,0.10549523681402206,0.0004359146339566099,0.21878933906555176
119,0.06864524185657501,0.06629090383648872,0.06469247117638588,0.1129491962492466,0.00043148090556756574,0.25552868843078613
120,0.06839761435985565,0.06696801632642746,0.06430958583950996,0.10944173485040665,0.0004269231419060436,0.21297478675842285
121,0.06933878362178802,0.06312993168830872,0.05887416750192642,0.09651244804263115,0.0004222444666355916,0.22039151191711426
122,0.06869290247559548,0.06371934339404106,0.058808835223317146,0.09924162179231644,0.00041744808628653516,0.2176661491394043
123,0.06822937577962876,0.06384530663490295,0.05888808146119118,0.10176113992929459,0.00041253728805838084,0.2126171588897705
124,0.07010486200451851,0.06472335383296013,0.05799846723675728,0.09914695471525192,0.00040751543756693446,0.2116560935974121
125,0.06743776313960552,0.06350629031658173,0.06257006339728832,0.1026371605694294,0.0004023859765376758,0.23658418655395508
126,0.06761124655604363,0.06372036412358284,0.059856222942471504,0.10092674568295479,0.00039715242044697206,0.21897411346435547
127,0.06601306945085525,0.0640115737915039,0.05925888568162918,0.0961216501891613,0.0003918183561127458,0.21642494201660156
128,0.06776551976799965,0.062369801104068756,0.05581225827336311,0.09140061214566231,0.0003863874392362493,0.22487187385559082
129,0.06577545329928398,0.0632844939827919,0.06015636771917343,0.10403349623084068,0.00038086339189662925,0.2191762924194336
130,0.06711622886359692,0.06267017871141434,0.05684882216155529,0.09669902920722961,0.00037525000000000004,0.2375195026397705
131,0.06527058854699135,0.06316453590989113,0.053024640306830406,0.08869214355945587,0.00036955111068477236,0.21331310272216797
132,0.06636752001941204,0.06362117826938629,0.05538865178823471,0.09373151510953903,0.00036377062968501693,0.21714210510253906
133,0.0644110631197691,0.062211472541093826,0.05645682103931904,0.09589747339487076,0.00035791251865366965,0.21184730529785156
134,0.06520002782344818,0.06379551440477371,0.0574922077357769,0.10162010788917542,0.0003519807924474122,0.21908783912658691
135,0.06528455503284931,0.06216663867235184,0.05521078035235405,0.09164582565426826,0.00034597951637508993,0.2200014591217041
136,0.06475197486579418,0.06276041641831398,0.055801358073949814,0.09153465181589127,0.0003399128034115525,0.2171640396118164
137,0.0630540706217289,0.06271344982087612,0.05787793546915054,0.0968853235244751,0.00033378481137882584,0.2127363681793213
138,0.0631483480334282,0.06053869239985943,0.05059652030467987,0.0814562663435936,0.0003275997400965494,0.2299647331237793
139,0.062049270048737525,0.05963202752172947,0.05281393602490425,0.08367711305618286,0.00032136182850362875,0.21370697021484375
140,0.0623841542750597,0.06184256076812744,0.05506838858127594,0.08939413353800774,0.0003150753517530789,0.21673154830932617
141,0.06181100718677044,0.05979858338832855,0.052998919039964676,0.08556924387812614,0.00030874461828204845,0.20957064628601074
142,0.06180986240506172,0.060460928827524185,0.049240974709391594,0.08284340798854828,0.0003023739668590309,0.2089242935180664
143,0.062493018433451654,0.06058705411851406,0.05349063687026501,0.09241604059934616,0.00029596776361029084,0.21383333206176758
144,0.06329388469457627,0.060200415551662445,0.051974106580019,0.08468227833509445,0.00028953039902753766,0.21822834014892578
145,0.06080692894756794,0.05956629663705826,0.04946029558777809,0.08239806443452835,0.0002830662849589029,0.21367287635803223
146,0.061128484830260274,0.06069045141339302,0.05297211371362209,0.09020714461803436,0.00027657985158527956,0.22276616096496582
147,0.06037098057568073,0.059588873758912086,0.049731070175766945,0.08294040337204933,0.00027007554438409736,0.21249628067016602
148,0.06079682856798172,0.059120504185557365,0.05084233544766903,0.08317851647734642,0.0002635578210826145,0.22384285926818848
149,0.06083411276340485,0.0574349295347929,0.04957376420497894,0.07910917326807976,0.00025703114860281437,0.22153449058532715
150,0.060261185839772226,0.0585885476320982,0.04936772212386131,0.08147493004798889,0.00025050000000000007,0.21873927116394043
1,0.11893207780443706,0.11270311325788498,0.12338303029537201,0.2039008468389511,0.0004986332128943842,0.6558337211608887
2,0.11777262246379486,0.11151213645935058,0.11940516233444214,0.20278317034244536,0.0004945478263830845,0.3846895694732666
3,0.11679518194152759,0.11004487127065658,0.11709526032209397,0.2017064571380615,0.00048778860081564085,0.38664937019348145
4,0.11351774375026043,0.10788849145174026,0.1134768158197403,0.19579970538616182,0.0004784295916818289,0.4450533390045166
5,0.11326492176606105,0.10582389831542968,0.11088009774684907,0.1906186044216156,0.0004665733382442175,0.38253211975097656
6,0.11135873169853137,0.10432775914669037,0.10905711948871613,0.18624696433544158,0.0004523497400965494,0.3889892101287842
7,0.1099298160809737,0.10337288528680802,0.10779779255390168,0.18515853881835936,0.0004359146339566099,0.41926121711730957
8,0.1079978458583355,0.10248750150203705,0.10636151283979416,0.18406055867671967,0.00041744808628653516,0.3838944435119629
9,0.10625312477350235,0.10035272687673569,0.1046286553144455,0.17961472570896148,0.00039715242044697206,0.38886165618896484
10,0.10505244737634292,0.0987709790468216,0.1021358847618103,0.17532360851764678,0.00037525000000000004,0.38538408279418945
11,0.10424297532209983,0.09842491745948792,0.09937866628170014,0.17090624570846558,0.0003519807924474122,0.3970513343811035
12,0.10270276035253818,0.09714251905679702,0.09882441610097885,0.1686860054731369,0.0003275997400965494,0.3823859691619873
13,0.10167784272478177,0.09640884101390838,0.0988786056637764,0.17203239500522613,0.0003023739668590309,0.40076184272766113
14,0.0997215469296162,0.09583432674407959,0.10089194029569626,0.17377488017082215,0.00027657985158527956,0.4196286201477051
15,0.09979501366615295,0.09353641867637634,0.09672722369432449,0.16475734263658523,0.00025050000000000007,0.4206869602203369
16,0.0987986523944598,0.09315244406461716,0.09757518321275711,0.16692699044942855,0.0002244201484147205,0.4004478454589844
17,0.0986436539544509,0.09371807128190994,0.09877366870641709,0.17032317221164703,0.00019862603314096903,0.4048159122467041
18,0.09667959981239758,0.09256872385740281,0.09715946316719055,0.16528277546167375,0.00017340025990345064,0.3856697082519531
19,0.09608885330649522,0.09172125905752182,0.09636105298995971,0.16262202113866805,0.00014901920755258787,0.39986515045166016
20,0.09523493882555228,0.0916124552488327,0.0960840955376625,0.16406583786010742,0.00012575000000000005,0.4226102828979492
21,0.09492652204174262,0.09153692722320557,0.09533697515726089,0.16169484853744506,0.00010384757955302797,0.39635348320007324
22,0.094309251755476,0.0905189871788025,0.09408408999443055,0.15870120823383332,8.355191371346494e-05,0.4080491065979004
23,0.0944773185138519,0.09064996689558029,0.09489887207746506,0.161263108253479,6.508536604339018e-05,0.5390353202819824
24,0.09394250982082807,0.09023243188858032,0.0943890631198883,0.15963256657123565,4.865025990345063e-05,0.3901095390319824
25,0.0937251325410146,0.08994361907243728,0.09386231005191803,0.15872059911489486,3.442666175578254e-05,0.41610264778137207
26,0.09234090235370856,0.08995552659034729,0.09420625120401382,0.15905729085206985,2.2570408318171056e-05,0.38369226455688477
27,0.09391969299087158,0.08993991315364838,0.09421724081039429,0.15902990996837615,1.3211399184359193e-05,0.3937876224517822
28,0.09273370326711582,0.08973956257104873,0.09387485980987549,0.15831924378871917,6.45217361691548e-06,0.3947432041168213
29,0.09401327944718875,0.08963780552148819,0.09371932744979858,0.1578037217259407,2.3667871056157862e-06,0.39873456954956055
30,0.09188530106957142,0.08963759243488312,0.09372151494026185,0.15787238180637359,0.0005,0.39200663566589355
31,0.09491516964939925,0.08928669840097428,0.09280331432819366,0.15421996414661407,0.0004996580689212662,0.426210880279541
32,0.09501381791554965,0.0904508352279663,0.09678678810596467,0.16414388716220857,0.0004986332128943842,0.3945298194885254
33,0.09461501899820107,0.08886669725179672,0.09386335611343384,0.1598614349961281,0.0004969282409784868,0.39681529998779297
34,0.09205827632775673,0.08789942860603332,0.09009288251399994,0.15074651837348937,0.0004945478263830845,0.3994777202606201
35,0.09297774818081123,0.08559531718492508,0.08867837339639664,0.14872972667217255,0.0004914984936591225,0.3839991092681885
36,0.08921324289762057,0.08575535863637924,0.08866378366947174,0.14584453850984574,0.00048778860081564085,0.40082430839538574
37,0.0906574923831683,0.08751687109470367,0.0900477036833763,0.15193050652742385,0.0004834283164110518,0.39133262634277344
38,0.09019465543902837,0.08637182414531708,0.09010112285614014,0.15013692378997803,0.0004784295916818289,0.384289026260376
39,0.08975158631801605,0.0839668482542038,0.08627514243125915,0.14144084453582764,0.0004728061277849978,0.394181489944458
40,0.08751750393555714,0.08429742306470871,0.0853778600692749,0.13984305858612062,0.0004665733382442175,0.3891770839691162
41,0.088626634902679,0.0833287075161934,0.0858413964509964,0.14365868121385575,0.00045974830670238333,0.38292551040649414
42,0.08570206939027859,0.08264541029930114,0.08423565775156021,0.1421388179063797,0.0004523497400965494,0.3845217227935791
43,0.08496305633049744,0.08115662783384323,0.08382426351308822,0.1404231905937195,0.00044439791738351423,0.3920416831970215
44,0.08550743529429802,0.08182483017444611,0.08147138208150864,0.13400778025388718,0.0004359146339566099,0.38222837448120117
45,0.08392440670957932,0.07977926433086395,0.07969622164964676,0.12914313822984697,0.0004269231419060436,0.37825489044189453
46,0.08357493292826873,0.08043566942214966,0.08040535748004914,0.13169227838516234,0.00041744808628653516,0.3825044631958008
47,0.08218085737182544,0.07810671925544739,0.07556207329034806,0.12439324408769607,0.00040751543756693446,0.39864444732666016
48,0.08200991784150784,0.07770746946334839,0.07640286386013032,0.12450414896011353,0.00039715242044697206,0.3931558132171631
49,0.08158714725421025,0.07691396176815032,0.07471075505018235,0.12164380103349685,0.0003863874392362493,0.38069963455200195
50,0.08034627941938546,0.07610742300748825,0.07325512766838074,0.12060033828020096,0.00037525000000000004,0.3849754333496094
51,0.08164336159825325,0.0755272388458252,0.07446668595075608,0.12286677211523056,0.00036377062968501693,0.38640260696411133
52,0.08026813830320652,0.07559927701950073,0.07232359647750855,0.12056537568569184,0.0003519807924474122,0.3775811195373535
53,0.079138272943405,0.07460840344429016,0.07384345829486846,0.1216963768005371,0.0003399128034115525,0.39255785942077637
54,0.07856460116230525,0.07383050173521041,0.06841926053166389,0.11229380816221238,0.0003275997400965494,0.41756510734558105
55,0.07813619034221539,0.07414266616106033,0.06973035037517547,0.11516229212284088,0.0003150753517530789,0.38364577293395996
56,0.07839931347049199,0.07369527816772461,0.07327523678541184,0.12159245610237121,0.0003023739668590309,0.4120821952819824
57,0.07692491864928833,0.073382069170475,0.07015590220689774,0.11532915681600571,0.00028953039902753766,0.3959667682647705
58,0.07667966187000275,0.07177536934614182,0.06737127304077148,0.11239017695188522,0.00027657985158527956,0.39945030212402344
59,0.07618175733547944,0.07168573886156082,0.06789841502904892,0.11584511548280715,0.0002635578210826145,0.38333678245544434
60,0.07646409293206838,0.07094666063785553,0.06680541411042214,0.11121440082788467,0.00025050000000000007,0.39230823516845703
61,0.07501146111350793,0.07005845308303833,0.06564188674092293,0.10772127956151963,0.00023744217891738555,0.3828704357147217
62,0.07442360915816747,0.06939394623041154,0.06195491552352905,0.10041950941085816,0.0002244201484147205,0.38782501220703125
63,0.07381894840643956,0.06976032257080078,0.06624826267361641,0.11026753932237625,0.0002114696009724624,0.3928205966949463
64,0.07386608522098798,0.06947455927729607,0.06504718512296677,0.10561840683221817,0.00019862603314096903,0.39517807960510254
65,0.07386200502514839,0.06878732591867447,0.06452483683824539,0.10723061859607697,0.00018592464824692109,0.3991682529449463
66,0.0726942838384555,0.06843051165342331,0.061474747210741046,0.10140756666660308,0.00017340025990345064,0.3967857360839844
67,0.07261917224297157,0.06743936017155647,0.06062951162457466,0.09753926992416381,0.00016108719658844759,0.4191000461578369
68,0.07283685843531902,0.067159653455019,0.06149179413914681,0.1014666959643364,0.00014901920755258787,0.3892691135406494
69,0.07183352227394398,0.0669318214058876,0.0598576232790947,0.0982026532292366,0.00013722937031498307,0.4206686019897461
70,0.07160093893225376,0.0665384665131569,0.06109616532921791,0.1006353661417961,0.00012575000000000005,0.3858461380004883
71,0.07106313739831631,0.06600392311811447,0.05914472863078117,0.09647766202688217,0.00011461256076375082,0.3850088119506836
72,0.07159767328546597,0.0657553181052208,0.05984903499484062,0.09818888157606125,0.00010384757955302797,0.39740824699401855
73,0.0714325737208128,0.065543545037508,0.05885503590106964,0.09568939954042435,9.348456243306559e-05,0.4133780002593994
74,0.07059199678210112,0.06524467468261719,0.05861567482352257,0.09529926627874374,8.355191371346494e-05,0.3998277187347412
75,0.07052696381623928,0.06495963856577873,0.057820625603199005,0.09436782449483871,7.40768580939564e-05,0.39191389083862305
76,0.07043347063545997,0.0649254634976387,0.05799096897244453,0.09527124017477036,6.508536604339018e-05,0.4250028133392334
77,0.07038399749077283,0.06471719592809677,0.05837736874818802,0.09513224959373474,5.660208261648575e-05,0.39316678047180176
78,0.0690927766263485,0.06448225975036621,0.05765929669141769,0.09425719529390335,4.865025990345063e-05,0.3923976421356201
79,0.06963009072037843,0.06448644995689393,0.0574225589632988,0.0940093919634819,4.1251693297616726e-05,0.3948333263397217
80,0.07010314857157376,0.06454599499702454,0.05716628581285477,0.09400880336761475,3.442666175578254e-05,0.38425493240356445
81,0.06973421287078124,0.06434759944677353,0.05690163969993591,0.09343225061893463,2.8193872215002235e-05,0.41025209426879883
82,0.06951589839389691,0.064421546459198,0.05725294500589371,0.09412935525178909,2.2570408318171056e-05,0.3887348175048828
83,0.06897143030968997,0.06434563398361207,0.05718020498752594,0.09384106993675231,1.7571683588948164e-05,0.4142422676086426
84,0.06925331915800388,0.06412969455122948,0.05676046684384346,0.09268901944160461,1.3211399184359193e-05,0.4613761901855469
85,0.06922499434306072,0.0641243502497673,0.05704572349786759,0.09324629902839661,9.501506340877456e-06,0.39044713973999023
86,0.06900113133283761,0.06404691338539123,0.057073159515857695,0.09305394440889359,6.45217361691548e-06,0.40386533737182617
87,0.06911138359170693,0.06403782218694687,0.05687503144145012,0.0931556299328804,4.071759021513154e-06,0.38231372833251953
88,0.06864302691358787,0.06399758011102677,0.056807000935077664,0.09295022934675216,2.3667871056157862e-06,0.3958854675292969
89,0.06885363534092903,0.06398790553212166,0.05679693818092346,0.09293258190155029,1.3419310787338286e-06,0.39577603340148926
90,0.0695328488945961,0.06398989409208297,0.056818284839391706,0.09296595007181167,0.0005,0.3958122730255127
91,0.07321856514765666,0.06899813115596772,0.06292058229446411,0.1054325595498085,0.0004999145025814015,0.39785337448120117
92,0.07386476517869876,0.07045499235391617,0.06698139980435372,0.11520162373781204,0.0004996580689212662,0.3951282501220703
93,0.0739517965568946,0.06898896992206574,0.06553023755550384,0.1079424113035202,0.0004992308747664155,0.39922618865966797
94,0.07366221226178683,0.06738953888416291,0.062009410560131074,0.10139017850160599,0.0004986332128943842,0.3972337245941162
95,0.07226349814580037,0.06761524155735969,0.06382961049675942,0.10476113110780716,0.0004978654929127657,0.39187002182006836
96,0.07133390496556576,0.06632825061678886,0.06080704033374786,0.09964787811040879,0.0004969282409784868,0.38818788528442383
97,0.0712282620370388,0.06812960058450698,0.06169569715857506,0.10089155584573746,0.0004958220994372067,0.3955397605895996
98,0.07104045009383789,0.06541449129581452,0.05857732966542244,0.0965737298130989,0.0004945478263830845,0.3991820812225342
99,0.0709441527724266,0.06496759057044983,0.05725950375199318,0.09660429060459137,0.0004931062951392203,0.39096689224243164
100,0.06968792241353255,0.06572108045220375,0.06072010025382042,0.10260712653398514,0.0004914984936591225,0.38663601875305176
101,0.0701778306124302,0.06298651769757271,0.055834798514842986,0.09194448590278625,0.0004897255238496142,0.3863105773925781
102,0.07008014332789642,0.0656350590288639,0.059110645204782486,0.0964316412806511,0.00048778860081564085,0.39484620094299316
103,0.06958798247461136,0.06384009569883346,0.05767906904220581,0.09202360957860947,0.00048568905202749855,0.42699742317199707
104,0.0691098805803519,0.06513622030615807,0.0610208161175251,0.09832659661769867,0.0004834283164110518,0.38982653617858887
105,0.06750805590015191,0.06265514194965363,0.05551648736000061,0.09179352670907974,0.00048100794336156604,0.387897253036499
106,0.06821527747580639,0.06220817863941193,0.05564056187868118,0.08918309658765793,0.0004784295916818289,0.3815145492553711
107,0.06869094532269698,0.061477687954902646,0.055211692303419116,0.08989274948835373,0.0004756950284452903,0.38700413703918457
108,0.06787128187716007,0.06198422610759735,0.055455373227596284,0.09327279925346374,0.0004728061277849978,0.3753366470336914
109,0.06742911771512948,0.06316905170679092,0.057868920266628265,0.09511250853538514,0.00046976486960916035,0.38496947288513184
110,0.06658537413638371,0.06082132533192634,0.0525160938501358,0.08592838644981385,0.0004665733382442175,0.3893470764160156
111,0.06532761425926135,0.06049726083874703,0.05277305543422699,0.08643919974565506,0.000463233721006346,0.3792557716369629
112,0.06575429095671727,0.06094090715050697,0.05392923280596733,0.0814919963479042,0.00045974830670238333,0.39114928245544434
113,0.06503906573813695,0.059898117929697035,0.05086617842316628,0.08276474475860596,0.00045611948406119293,0.39023375511169434
114,0.06565216155006336,0.058672168850898744,0.04990999400615692,0.0799811989068985,0.0004523497400965494,0.38478922843933105
115,0.06424310731773193,0.057641958445310594,0.05025746002793312,0.08252660483121872,0.00044844165840266317,0.38649678230285645
116,0.06279371478236638,0.05815956965088844,0.048807355016469954,0.0786226138472557,0.00044439791738351423,0.385481595993042
117,0.06444883045668785,0.06094118356704712,0.053570442646741864,0.08846807777881623,0.00044022128841720773,0.39466166496276855
118,0.064258073671506,0.059048136323690416,0.05133948773145676,0.08067948818206787,0.0004359146339566099,0.38440442085266113
119,0.06402007633676896,0.05956323966383934,0.050655169785022734,0.0816308856010437,0.00043148090556756574,0.38192200660705566
120,0.061922431278687254,0.05754731297492981,0.04862004593014717,0.07736132964491844,0.0004269231419060436,0.4038655757904053
121,0.061638105947237745,0.05682020038366318,0.045625609904527666,0.07037832289934158,0.0004222444666355916,0.38291263580322266
122,0.061073859293873496,0.056467195600271226,0.04699156284332275,0.07325403317809105,0.00041744808628653516,0.3875880241394043
123,0.061154513691480346,0.05687370076775551,0.04918657466769218,0.07823344916105271,0.00041253728805838084,0.3912360668182373
124,0.06115641072392464,0.05638775825500488,0.049579016864299774,0.07837271988391876,0.00040751543756693446,0.3809530735015869
125,0.06150278090857542,0.055725807696580885,0.04726171270012856,0.07397024407982826,0.0004023859765376758,0.4022247791290283
126,0.05963849505552879,0.05545809864997864,0.04711140245199204,0.07263284176588058,0.00039715242044697206,0.3844330310821533
127,0.05968125637334127,0.0555521160364151,0.048057131469249725,0.07413406148552895,0.0003918183561127458,0.3870255947113037
128,0.059675768590890445,0.05532236397266388,0.04455893114209175,0.07107201963663101,0.0003863874392362493,0.40744948387145996
129,0.05835604395430822,0.05458894819021225,0.046148905903100966,0.0739401713013649,0.00038086339189662925,0.38587307929992676
130,0.05829072714998172,0.05430261120200157,0.04509955123066902,0.07110700011253357,0.00037525000000000004,0.38753294944763184
131,0.05883769232493181,0.05396148636937141,0.04504667595028877,0.06835832148790359,0.00036955111068477236,0.4200868606567383
132,0.05857168324291706,0.054774705320596695,0.04430604949593544,0.07174070775508881,0.00036377062968501693,0.3845219612121582
133,0.05845488679523651,0.05435434356331825,0.04448930472135544,0.06816365271806717,0.00035791251865366965,0.3797311782836914
134,0.058204540553001255,0.053395649790763854,0.04546757340431214,0.07127339765429497,0.0003519807924474122,0.41141629219055176
135,0.05732537046647989,0.05350321382284164,0.044625948369503024,0.06966796591877937,0.00034597951637508993,0.38609933853149414
136,0.057790265346948914,0.052309662103652954,0.043425264209508894,0.06924645006656646,0.0003399128034115525,0.37776851654052734
137,0.056764474855019495,0.052953227609395984,0.04181190133094788,0.06490357667207718,0.00033378481137882584,0.4218878746032715
138,0.05725194485141681,0.051852285861968994,0.042219847440719604,0.06536316648125648,0.0003275997400965494,0.3843536376953125
139,0.05566441181760568,0.05355617254972458,0.04400376752018929,0.07217286974191665,0.00032136182850362875,0.39624953269958496
140,0.05594927545350332,0.053579214960336685,0.04519840627908707,0.07074684202671051,0.0003150753517530789,0.39214324951171875
141,0.05525261478928419,0.05222993046045303,0.04291794747114182,0.0676573634147644,0.00030874461828204845,0.4006161689758301
142,0.0556792334581797,0.052597039937973024,0.04405880346894264,0.06922465041279793,0.0003023739668590309,0.38732194900512695
143,0.05490343659543074,0.0517288476228714,0.04179232195019722,0.0664604902267456,0.00029596776361029084,0.379044771194458
144,0.05450534390715452,0.051487989723682404,0.04154863730072975,0.06316013187170029,0.00028953039902753766,0.39944887161254883
145,0.055520382638160996,0.05109881982207298,0.042089030146598816,0.06434123739600181,0.0002830662849589029,0.3797903060913086
146,0.054363198864918486,0.051368053257465365,0.04196593835949898,0.06554672867059708,0.00027657985158527956,0.3908419609069824
147,0.0539463205406299,0.05037728697061539,0.041782690584659575,0.06442678943276406,0.00027007554438409736,0.43244266510009766
148,0.05407578827669987,0.05047234818339348,0.04078934788703918,0.06256682351231575,0.0002635578210826145,0.3834493160247803
149,0.05338371229859499,0.05008375346660614,0.04144379496574402,0.06533627659082412,0.00025703114860281437,0.3813149929046631
150,0.053384651215030596,0.04968664720654488,0.03969963639974594,0.05981906577944755,0.00025050000000000007,0.38411760330200195
1,0.11922506787455998,0.1128980427980423,0.12378990352153778,0.20427349507808684,0.0004986332128943842,0.6505217552185059
2,0.11873236928994839,0.11204806119203567,0.121392722427845,0.20301451981067659,0.0004945478263830845,0.3884153366088867
3,0.11716987536503719,0.11014946848154068,0.11805304139852524,0.20148739218711853,0.00048778860081564085,0.3801307678222656
4,0.11451972476564921,0.10785499513149262,0.11712424457073212,0.19839165210723878,0.0004784295916818289,0.38080596923828125
5,0.11337769031524658,0.10646920800209045,0.1131153866648674,0.1920232892036438,0.0004665733382442175,0.3706984519958496
6,0.11122181438482724,0.10574460327625275,0.11174109876155854,0.19171352088451385,0.0004523497400965494,0.37314820289611816
7,0.10951553800931343,0.10415822863578797,0.1103691279888153,0.1879252940416336,0.0004359146339566099,0.3720972537994385
8,0.10811589715572503,0.10302118510007859,0.10845606178045272,0.18595795333385468,0.00041744808628653516,0.3903384208679199
9,0.10714608402206348,0.10153049528598786,0.10619018822908402,0.18204317092895508,0.00039715242044697206,0.37833452224731445
10,0.10444922401354863,0.10041113197803497,0.1049882635474205,0.17964342534542083,0.00037525000000000004,0.3750929832458496
1,0.16914883255958557,0.16779886186122894,0.328045129776001,0.6095776557922363,0.0002991810233575568,0.43335962295532227
2,0.17556345462799072,0.16599999368190765,0.32066604495048523,0.5974297523498535,0.0002967330663097039,0.15922808647155762
3,0.16986033817132315,0.16413015127182007,0.31376785039901733,0.5854906439781189,0.0002926829491861254,0.16257166862487793
4,0.16474898159503937,0.1623358428478241,0.3075123131275177,0.5744237303733826,0.00028707504591756876,0.159653902053833
5,0.16452667117118835,0.16062244772911072,0.30151692032814026,0.5639129281044006,0.0002799707978657736,0.1543276309967041
6,0.162137101093928,0.15910792350769043,0.2962976098060608,0.5545884966850281,0.0002714480406590546,0.15264678001403809
7,0.16407948235670725,0.15783217549324036,0.29137668013572693,0.5460984110832214,0.00026160015140887043,0.17838692665100098
8,0.15823851029078165,0.15678028762340546,0.28658735752105713,0.5381549000740051,0.0002505350256506493,0.15703892707824707
1,0.12957612034820376,0.12537060491740704,0.14139282703399658,0.2433156743645668,0.0004986332128943842,0.8182227611541748
2,0.12653365518365586,0.12240301258862019,0.13684402406215668,0.2350380513817072,0.0004945478263830845,0.550011157989502
3,0.12459868086235863,0.1204291433095932,0.13421939220279455,0.2345746848732233,0.00048778860081564085,0.5448544025421143
4,0.12197517248846236,0.11745303310453892,0.12667476385831833,0.22583897039294243,0.0004784295916818289,0.5304160118103027
5,0.11980293371847697,0.11525009572505951,0.12207547388970852,0.21871066093444824,0.0004665733382442175,0.536182165145874
6,0.11855421871656463,0.11411204747855663,0.12176695093512535,0.21887985989451408,0.0004523497400965494,0.5468056201934814
7,0.11776155996180716,0.1133137559518218,0.12043053284287453,0.21732652559876442,0.0004359146339566099,0.5698883533477783
8,0.11644970465983663,0.11262040305882692,0.11916385870426893,0.21786501444876194,0.00041744808628653516,0.5506503582000732
9,0.11552079625072934,0.11208152491599321,0.11710592824965715,0.21550325490534306,0.00039715242044697206,0.5489616394042969
10,0.11531211861542293,0.1134538259357214,0.12175310589373112,0.22780883312225342,0.00037525000000000004,0.5640740394592285
11,0.11455599591135979,0.11092538107186556,0.1162289371713996,0.21245503798127174,0.0003519807924474122,0.5413870811462402
12,0.11395570085871787,0.11014342773705721,0.11433139070868492,0.21027336083352566,0.0003275997400965494,0.5291190147399902
13,0.11274566093371027,0.10958332475274801,0.11448262073099613,0.20992963388562202,0.0003023739668590309,0.5487933158874512
14,0.11219054939491409,0.10824203584343195,0.11142917443066835,0.20168295875191689,0.00027657985158527956,0.5554618835449219
15,0.11164538331684612,0.10777206160128117,0.11284098215401173,0.20376227051019669,0.00025050000000000007,0.5379631519317627
16,0.11083152056449935,0.10706335306167603,0.11104243714362383,0.20153405331075191,0.0002244201484147205,0.565762996673584
17,0.11047560455543655,0.10653836373239756,0.10943561606109142,0.19929288513958454,0.00019862603314096903,0.6157174110412598
18,0.1093350201845169,0.10583895351737738,0.10960435681045055,0.20020694471895695,0.00017340025990345064,0.5368750095367432
19,0.10868499906999725,0.10509959422051907,0.10938915889710188,0.19842683337628841,0.00014901920755258787,0.5416233539581299
20,0.1088769215913046,0.10414757486432791,0.10647913906723261,0.19150402769446373,0.00012575000000000005,0.5738613605499268
21,0.10892862347619874,0.10433808155357838,0.10644828155636787,0.19192537292838097,0.00010384757955302797,0.5552606582641602
22,0.10815691256097384,0.10419482830911875,0.10696998797357082,0.1934042926877737,8.355191371346494e-05,0.5533852577209473
23,0.1072876982036091,0.10439113527536392,0.10750780533999205,0.19615371711552143,6.508536604339018e-05,0.5388615131378174
24,0.1065350164260183,0.10366307571530342,0.10601764265447855,0.1925298571586609,4.865025990345063e-05,0.536522388458252
25,0.1074357336120946,0.10339443758130074,0.10532237030565739,0.19070898368954659,3.442666175578254e-05,0.5425143241882324
26,0.10614604627092679,0.1031426377594471,0.10507900547236204,0.19016175903379917,2.2570408318171056e-05,0.5292601585388184
27,0.10690265113399142,0.10284359380602837,0.1041930541396141,0.1886301413178444,1.3211399184359193e-05,0.5622942447662354
28,0.10659342755873998,0.10278748441487551,0.10412812419235706,0.18871802650392056,6.45217361691548e-06,0.5520834922790527
29,0.1057630693983464,0.10282907355576754,0.10441047698259354,0.18932779133319855,2.3667871056157862e-06,0.5308349132537842
30,0.10537455976009369,0.1028335066512227,0.10442567337304354,0.18931639939546585,0.0005,0.6091539859771729
31,0.10742331367163431,0.10360996145755053,0.10471133142709732,0.18841114453971386,0.0004996580689212662,0.5495364665985107
32,0.10758274243701071,0.10329531412571669,0.10568188317120075,0.19166797026991844,0.0004986332128943842,0.5577471256256104
33,0.10597971862270719,0.10308883339166641,0.10590561665594578,0.1864189077168703,0.0004969282409784868,0.5804543495178223
34,0.10536986695868629,0.10230008698999882,0.10571639146655798,0.18717945367097855,0.0004945478263830845,0.5535047054290771
35,0.1044407423053469,0.09966245666146278,0.10164307989180088,0.1806048136204481,0.0004914984936591225,0.5425350666046143
36,0.10388222248071716,0.09968310594558716,0.10077570006251335,0.18132515996694565,0.00048778860081564085,0.5651233196258545
37,0.10253382083915528,0.09618752636015415,0.09660940803587437,0.1663443148136139,0.0004834283164110518,0.5632164478302002
38,0.10180121287703514,0.09639743156731129,0.09904071036726236,0.17398867197334766,0.0004784295916818289,0.5430631637573242
39,0.09912676523838725,0.0946681434288621,0.09441394079476595,0.16693116165697575,0.0004728061277849978,0.5588123798370361
40,0.09928433721264203,0.09555151034146547,0.09719837736338377,0.16960296966135502,0.0004665733382442175,0.5730059146881104
41,0.09773757929603259,0.09391708206385374,0.09334559179842472,0.16355298273265362,0.00045974830670238333,0.5364186763763428
42,0.09700287984950202,0.09380428958684206,0.09367051813751459,0.16467073000967503,0.0004523497400965494,0.5381035804748535
43,0.09563302550287474,0.09092357940971851,0.0910150296986103,0.15951869077980518,0.00044439791738351423,0.52518630027771
44,0.09539779665924254,0.09084677044302225,0.08822507224977016,0.15676084160804749,0.0004359146339566099,0.5311374664306641
45,0.09399634209417161,0.08827277179807425,0.08421644102782011,0.1479807933792472,0.0004269231419060436,0.5205590724945068
46,0.09386241968188967,0.09082815237343311,0.08817075099796057,0.1571184117347002,0.00041744808628653516,0.50996994972229
47,0.09291988628960791,0.08629192877560854,0.08070461172610521,0.14045505970716476,0.00040751543756693446,0.5299670696258545
48,0.09139957580538023,0.08621175494045019,0.08225654158741236,0.143619604408741,0.00039715242044697206,0.557161808013916
49,0.09047483262561616,0.08618600480258465,0.08179183211177588,0.14622561912983656,0.0003863874392362493,0.558884859085083
50,0.0907523970873583,0.0862169973552227,0.08076577913016081,0.1438149344176054,0.00037525000000000004,0.5541024208068848
51,0.08854005255159877,0.08407132886350155,0.08084661513566971,0.1426853258162737,0.00036377062968501693,0.5422577857971191
52,0.08747023769787379,0.08262960519641638,0.07447419594973326,0.12964944634586573,0.0003519807924474122,0.5354781150817871
53,0.086571176137243,0.08237918745726347,0.07666810229420662,0.13260880392044783,0.0003399128034115525,0.5299882888793945
54,0.08710625004910287,0.08153917361050844,0.07800140883773565,0.13563331961631775,0.0003275997400965494,0.5317695140838623
55,0.08505097359773658,0.0797969438135624,0.07322288304567337,0.12612750474363565,0.0003150753517530789,0.5352921485900879
56,0.08419233578301612,0.08086182922124863,0.07412011362612247,0.1303044855594635,0.0003023739668590309,0.5131988525390625
57,0.08444850377383686,0.07914214301854372,0.07062786910682917,0.1208535460755229,0.00028953039902753766,0.5188157558441162
58,0.08281862203563962,0.07902710232883692,0.07167655415832996,0.1255079796537757,0.00027657985158527956,0.5202803611755371
59,0.08258671349003202,0.0788666931912303,0.0707040736451745,0.12308953795582056,0.0002635578210826145,0.5407848358154297
60,0.08211209784661021,0.07837064191699028,0.07233745139092207,0.12611070927232504,0.00025050000000000007,0.5239465236663818
61,0.0809742622077465,0.07762397639453411,0.06938842218369246,0.11921438481658697,0.00023744217891738555,0.5429232120513916
62,0.08050595294861566,0.07624777220189571,0.06906430330127478,0.11590917501598597,0.0002244201484147205,0.5257513523101807
63,0.07986429759434291,0.07723196130245924,0.06867247819900513,0.11779066827148199,0.0002114696009724624,0.5738258361816406
64,0.07904713583134469,0.07614468596875668,0.06940284464508295,0.11945265159010887,0.00019862603314096903,0.5727777481079102
65,0.07879496525440897,0.07466574013233185,0.06688197096809745,0.11294615641236305,0.00018592464824692109,0.5687716007232666
66,0.07762665496695609,0.07493365462869406,0.0680268844589591,0.11613481678068638,0.00017340025990345064,0.562201976776123
67,0.07719347022828602,0.07423930708318949,0.0658263829536736,0.1124930614605546,0.00016108719658844759,0.5496978759765625
68,0.07692306932239305,0.07408538088202477,0.06433362560346723,0.11038289964199066,0.00014901920755258787,0.5498425960540771
69,0.07648763441968531,0.07325102761387825,0.0648611350916326,0.10973312798887491,0.00013722937031498307,0.5554747581481934
70,0.07586976832577161,0.07269234117120504,0.06423930963501334,0.11007278505712748,0.00012575000000000005,0.5383472442626953
71,0.07469252532436735,0.07269189227372408,0.06414192356169224,0.1086636409163475,0.00011461256076375082,0.5494372844696045
72,0.0752695005919252,0.0720996493473649,0.06288122525438666,0.1072504399344325,0.00010384757955302797,0.5583672523498535
73,0.0747413139435507,0.07199361454695463,0.06278281565755606,0.10687855444848537,9.348456243306559e-05,0.6073544025421143
74,0.07428206964617684,0.0715525345876813,0.06221970496699214,0.10337112937122583,8.355191371346494e-05,0.5297043323516846
75,0.07422858050891332,0.07164811994880438,0.06378849409520626,0.10858372878283262,7.40768580939564e-05,0.5559790134429932
76,0.07311370738205455,0.07096909824758768,0.061441204976290464,0.10330723505467176,6.508536604339018e-05,0.5490350723266602
77,0.07382279962656044,0.0704787508584559,0.06136085372418165,0.10274982452392578,5.660208261648575e-05,0.5802280902862549
78,0.07382870447777566,0.07032935367897153,0.06058694934472442,0.10151668637990952,4.865025990345063e-05,0.5921578407287598
79,0.0729646762566907,0.07039545569568872,0.06120402226224542,0.10182040557265282,4.1251693297616726e-05,0.5455455780029297
80,0.07294542910087676,0.07028420455753803,0.06079895980656147,0.10180258005857468,3.442666175578254e-05,0.5270109176635742
81,0.07246094516345433,0.07016940508037806,0.060858383774757385,0.1016502259299159,2.8193872215002235e-05,0.5526340007781982
82,0.07241259745898701,0.06998579669743776,0.06069105165079236,0.10108994320034981,2.2570408318171056e-05,0.5327036380767822
83,0.07244881118337314,0.06985460873693228,0.06061145942658186,0.10054036043584347,1.7571683588948164e-05,0.5270540714263916
84,0.07195243789326577,0.06976491352543235,0.06012596748769283,0.09968056622892618,1.3211399184359193e-05,0.5631587505340576
85,0.07224353926167601,0.06977067235857248,0.06047491915524006,0.10024567134678364,9.501506340877456e-06,0.533759355545044
86,0.07220700276749474,0.06977360788732767,0.0600891481153667,0.09992653038352728,6.45217361691548e-06,0.531320333480835
87,0.07139714966927256,0.06968280300498009,0.06002314714714885,0.09969702735543251,4.071759021513154e-06,0.6206727027893066
88,0.0719422713099491,0.06966298539191484,0.059873394668102264,0.09948814008384943,2.3667871056157862e-06,0.5730330944061279
89,0.07179716548749379,0.06968585588037968,0.05996283609420061,0.09964149445295334,1.3419310787338286e-06,0.5934174060821533
90,0.07201234543962139,0.06969932513311505,0.059977245051413774,0.099708067253232,0.0005,0.699270486831665
91,0.07793721680839856,0.07772669289261103,0.07424409501254559,0.13302382547408342,0.0004999145025814015,0.5494678020477295
92,0.07975104539876893,0.07532812748104334,0.0679710516706109,0.11808078084141016,0.0004996580689212662,0.5755832195281982
93,0.07911868553076472,0.0757262371480465,0.06966530764475465,0.11936469469219446,0.0004992308747664155,0.5774390697479248
94,0.07909979564802987,0.07502189092338085,0.07134481193497777,0.12420019414275885,0.0004986332128943842,0.547661304473877
95,0.07773578521751222,0.07421003375202417,0.06800986267626286,0.1175435995683074,0.0004978654929127657,0.5792038440704346
96,0.07744625459114711,0.07571806944906712,0.07182503817602992,0.12074989546090364,0.0004969282409784868,0.5920002460479736
97,0.0760214939003899,0.07268295623362064,0.06733881868422031,0.11591639649122953,0.0004958220994372067,0.5484201908111572
98,0.07585088057177407,0.07419777009636164,0.06683677481487393,0.11475223675370216,0.0004945478263830845,0.6715953350067139
99,0.0756768947023721,0.0723872547969222,0.0662328596226871,0.10908800456672907,0.0004931062951392203,0.5748887062072754
100,0.07593467281687827,0.07170340232551098,0.0661660903133452,0.1122602578252554,0.0004914984936591225,0.5251052379608154
101,0.07494646381764185,0.07397083565592766,0.0704578529112041,0.11752299778163433,0.0004897255238496142,0.528001070022583
102,0.07361566772063573,0.07230257708579302,0.06656936090439558,0.1107008634135127,0.00048778860081564085,0.5301620960235596
103,0.07372622413649446,0.07100647687911987,0.06486692884936929,0.10738539788872004,0.00048568905202749855,0.5393099784851074
104,0.07451908024294036,0.07492677308619022,0.07331844978034496,0.1265286523848772,0.0004834283164110518,0.5360028743743896
105,0.07312305466759772,0.06934552500024438,0.06327299261465669,0.10296849627047777,0.00048100794336156604,0.5388684272766113
106,0.07187887423095249,0.07149241212755442,0.06828216696158051,0.11480170674622059,0.0004784295916818289,0.5381200313568115
107,0.07202389268648057,0.06948337331414223,0.06295726262032986,0.10551458224654198,0.0004756950284452903,0.5471999645233154
108,0.07119208024371237,0.07198599632829428,0.06704658083617687,0.11393550597131252,0.0004728061277849978,0.5254764556884766
109,0.07132666380632491,0.0676435618661344,0.05937429843470454,0.09821609687060118,0.00046976486960916035,0.5935618877410889
110,0.07070475116017319,0.06999712530523539,0.06125044543296099,0.10626085381954908,0.0004665733382442175,0.5457742214202881
111,0.0698456365969919,0.06819529738277197,0.06196753587573767,0.10273950360715389,0.000463233721006346,0.5308396816253662
112,0.06990533056003707,0.0663886466063559,0.05950225284323096,0.09864961076527834,0.00045974830670238333,0.5470101833343506
113,0.06936182338921797,0.06799358362331986,0.059421857818961143,0.09736897423863411,0.00045611948406119293,0.548651933670044
114,0.06827904966970284,0.0668456512503326,0.060417742002755404,0.0996776595711708,0.0004523497400965494,0.5598640441894531
115,0.06795170300063633,0.06674115499481559,0.05864233849570155,0.09951744507998228,0.00044844165840266317,0.5367059707641602
116,0.06748788404677596,0.0654102279804647,0.05626556696370244,0.08999692276120186,0.00044439791738351423,0.5368838310241699
117,0.06702391022727602,0.06614281190559268,0.059265654534101486,0.09765316266566515,0.00044022128841720773,0.5246703624725342
118,0.06634321267760936,0.06420974107459188,0.055768647231161594,0.09122690744698048,0.0004359146339566099,0.5224106311798096
119,0.0667870467794793,0.06607570825144649,0.059605393558740616,0.09696926549077034,0.00043148090556756574,0.5280089378356934
120,0.06669661588966846,0.06416318845003843,0.05619461974129081,0.09028098080307245,0.0004269231419060436,0.513540506362915
121,0.0653864856631983,0.06455965852364898,0.05825008498504758,0.09606298804283142,0.0004222444666355916,0.5324506759643555
122,0.06495049347480138,0.06536098336800933,0.05792394280433655,0.0959205599501729,0.00041744808628653516,0.517146110534668
123,0.06535821984566394,0.06456673098728061,0.057067766319960356,0.09300386067479849,0.00041253728805838084,0.5217218399047852
124,0.06423930992327985,0.06366040511056781,0.05674173450097442,0.09169219993054867,0.00040751543756693446,0.5224440097808838
125,0.06454527449040186,0.06253719981759787,0.05507038114592433,0.0878788847476244,0.0004023859765376758,0.5283000469207764
126,0.0639092360756227,0.06330628367140889,0.05583068309351802,0.09122457541525364,0.00039715242044697206,0.5236945152282715
127,0.06358284175041176,0.06202696356922388,0.05557744624093175,0.08946741186082363,0.0003918183561127458,0.5225019454956055
128,0.06281044972794396,0.06100584380328655,0.05460011260583997,0.08652251586318016,0.0003863874392362493,0.5110886096954346
129,0.062320608290888015,0.06143297674134374,0.05454387329518795,0.08814398106187582,0.00038086339189662925,0.5193665027618408
130,0.062378245716293655,0.06153350928798318,0.05497243767604232,0.0895714471116662,0.00037525000000000004,0.5257022380828857
131,0.061394479391830306,0.06133552175015211,0.0550920176319778,0.09174018073827028,0.00036955111068477236,0.523425817489624
132,0.061205077738988964,0.06001174123957753,0.05506257060915232,0.08777886163443327,0.00036377062968501693,0.5279865264892578
133,0.06039895259198688,0.06063442584127188,0.05240595433861017,0.0830518426373601,0.00035791251865366965,0.5157554149627686
134,0.06025078573397228,0.06027895584702492,0.054013808723539114,0.08813187759369612,0.0003519807924474122,0.5059068202972412
135,0.0601912411373286,0.06091269478201866,0.05680393194779754,0.08759814873337746,0.00034597951637508993,0.5098719596862793
136,0.059910112814534275,0.05945898126810789,0.05243835784494877,0.08230999391525984,0.0003399128034115525,0.5272440910339355
137,0.05912495998754388,0.0588614740408957,0.05074331117793918,0.08297683205455542,0.00033378481137882584,0.5214951038360596
138,0.05968291977686541,0.05771312350407243,0.05062801577150822,0.07858109008520842,0.0003275997400965494,0.5237765312194824
139,0.05848738675316175,0.05881081707775593,0.05284619424492121,0.08406482171267271,0.00032136182850362875,0.5248093605041504
140,0.057953686941237675,0.05832971865311265,0.05301571870222688,0.08709003403782845,0.0003150753517530789,0.5158464908599854
141,0.058075860674892156,0.05986110353842378,0.05131328757852316,0.08302497491240501,0.00030874461828204845,0.5290777683258057
142,0.05801587072866304,0.059048411436378956,0.051939201075583696,0.08271978795528412,0.0003023739668590309,0.5142805576324463
143,0.057402037882379124,0.05720287375152111,0.050226690247654915,0.07944457698613405,0.00029596776361029084,0.5212831497192383
144,0.05675124430230686,0.05741081293672323,0.050021068658679724,0.07925346866250038,0.00028953039902753766,0.5238091945648193
145,0.05677436283301739,0.05619272543117404,0.05028406251221895,0.07963543292135,0.0002830662849589029,0.526688814163208
146,0.05524843310316404,0.05665216548368335,0.0489200777374208,0.07742794509977102,0.00027657985158527956,0.5351793766021729
147,0.05616353079676628,0.056245055980980396,0.048883083276450634,0.07835769141092896,0.00027007554438409736,0.5232939720153809
148,0.054981012074720295,0.05573770496994257,0.048133824951946735,0.07575763016939163,0.0002635578210826145,0.5158119201660156
149,0.055456070406805905,0.05539662344381213,0.04838088108226657,0.07558572478592396,0.00025703114860281437,0.5163636207580566
150,0.054956503035057155,0.05589078878983855,0.04953221511095762,0.07897225162014365,0.00025050000000000007,0.5295596122741699
1,0.13069410586640948,0.12517323810607195,0.14042556006461382,0.24116360768675804,0.0004986332128943842,0.8564414978027344
2,0.12694111147097178,0.12241413351148367,0.13681733421981335,0.23395623452961445,0.0004945478263830845,0.5976772308349609
3,0.12474525613444191,0.11967955157160759,0.1304555842652917,0.22966487891972065,0.00048778860081564085,0.5944807529449463
4,0.1225319973060063,0.11737129371613264,0.12707414012402296,0.22528574615716934,0.0004784295916818289,0.5591120719909668
5,0.12054370237248284,0.11513357050716877,0.12197651993483305,0.21823071502149105,0.0004665733382442175,0.596200704574585
6,0.11929086915084294,0.11455057468265295,0.12307275924831629,0.22138824313879013,0.0004523497400965494,0.5663597583770752
7,0.11814033098164059,0.11278815846890211,0.11761543527245522,0.21600544266402721,0.0004359146339566099,0.5758721828460693
8,0.11688751798300516,0.114684097468853,0.12347661703824997,0.22999020293354988,0.00041744808628653516,0.5638740062713623
9,0.11639799621133577,0.11213487945497036,0.11646325327455997,0.21493980661034584,0.00039715242044697206,0.57489013671875
10,0.11450249400167238,0.11044414807111025,0.11470061168074608,0.21076982840895653,0.00037525000000000004,0.5544841289520264
11,0.11398049532657578,0.11083305813372135,0.11396390665322542,0.21195628866553307,0.0003519807924474122,0.5638117790222168
12,0.1134847482400281,0.11008538212627172,0.11338997259736061,0.21034540981054306,0.0003275997400965494,0.5901737213134766
13,0.11363454446906135,0.1088081318885088,0.1130024204030633,0.2085071224719286,0.0003023739668590309,0.5840270519256592
14,0.11151494192225593,0.10755784623324871,0.10928125213831663,0.20226378366351128,0.00027657985158527956,0.5875897407531738
15,0.11074583214663324,0.10697290860116482,0.10819354467093945,0.20007344521582127,0.00025050000000000007,0.5735020637512207
16,0.11032276582859811,0.1059642480686307,0.1068653417751193,0.1984348613768816,0.0002244201484147205,0.5813100337982178
17,0.10914870404771396,0.1055096248164773,0.10672475211322308,0.1964930295944214,0.00019862603314096903,0.5755012035369873
18,0.10940188364613623,0.10488624032586813,0.10553111042827368,0.19435118325054646,0.00017340025990345064,0.5866110324859619
19,0.10810943373611995,0.1039158683270216,0.10602373164147139,0.1920045893639326,0.00014901920755258787,0.6066491603851318
20,0.10753176591935612,0.10351389832794666,0.10443850886076689,0.19181148521602154,0.00012575000000000005,0.7791180610656738
21,0.10758314193004653,0.10307027492672205,0.10313726775348186,0.1875413954257965,0.00010384757955302797,0.5920083522796631
22,0.10704772795240085,0.10261877812445164,0.10284943506121635,0.18605090864002705,8.355191371346494e-05,0.5865070819854736
23,0.10634273113239379,0.10236276127398014,0.1032615015283227,0.1871088482439518,6.508536604339018e-05,0.5932793617248535
24,0.10561285664637883,0.1019182400777936,0.1030762828886509,0.18561003543436527,4.865025990345063e-05,0.6028537750244141
25,0.1050082306776728,0.10141421668231487,0.10136984288692474,0.1832448560744524,3.442666175578254e-05,0.5726180076599121
26,0.10569641863306363,0.10112239979207516,0.10127559769898653,0.1826452873647213,2.2570408318171056e-05,0.5739753246307373
27,0.10543957192982946,0.10116375517100096,0.10125735495239496,0.1827936302870512,1.3211399184359193e-05,0.5714888572692871
28,0.1046910598164513,0.10108338389545679,0.1014099819585681,0.18262716755270958,6.45217361691548e-06,0.5612754821777344
29,0.10456685278387297,0.10107272304594517,0.10144335962831974,0.18279733881354332,2.3667871056157862e-06,0.5771660804748535
30,0.10395918591391473,0.10105964913964272,0.1013913992792368,0.18277810886502266,0.0005,0.559511661529541
31,0.10717853886030969,0.10296974238008261,0.1045738710090518,0.18873342871665955,0.0004996580689212662,0.5762631893157959
32,0.10648778382511366,0.10129386931657791,0.10389119852334261,0.1862027756869793,0.0004986332128943842,0.5603740215301514
33,0.10449365792529923,0.10040361620485783,0.10240543633699417,0.18403392285108566,0.0004969282409784868,0.5996181964874268
34,0.10377128049731255,0.09804071206599474,0.09877369832247496,0.17457613721489906,0.0004945478263830845,0.5716047286987305
35,0.10283038605536733,0.09877839591354132,0.09832062106579542,0.17541777901351452,0.0004914984936591225,0.5791585445404053
36,0.10155400332240831,0.0975738251581788,0.09881861321628094,0.1765230018645525,0.00048778860081564085,0.5750806331634521
37,0.10035225181352525,0.09672641381621361,0.09653350245207548,0.170225840061903,0.0004834283164110518,0.5725796222686768
38,0.10017167014025506,0.09442388080060482,0.09414441417902708,0.16318883374333382,0.0004784295916818289,0.6076323986053467
39,0.0983766180773576,0.09570898860692978,0.0945541812106967,0.16957956366240978,0.0004728061277849978,0.6808731555938721
40,0.09833165346866563,0.09396694786846638,0.0923914322629571,0.1609355416148901,0.0004665733382442175,0.679642915725708
41,0.09766976730454535,0.09317357186228037,0.0894767539575696,0.1606388632208109,0.00045974830670238333,0.7420411109924316
42,0.09677443156639735,0.09232218563556671,0.08953236974775791,0.1577645568177104,0.0004523497400965494,0.6468689441680908
43,0.09398377775436356,0.08997568022459745,0.08647237531840801,0.1499942597001791,0.00044439791738351423,0.6469199657440186
44,0.0932419245086965,0.08995951432734728,0.08691755961626768,0.15374187752604485,0.0004359146339566099,0.6796905994415283
45,0.09251095531951814,0.08739926014095545,0.0823729932308197,0.14317636750638485,0.0004269231419060436,0.6586287021636963
46,0.09096899185152281,0.08837049640715122,0.08403702732175589,0.14477416034787893,0.00041744808628653516,0.5831091403961182
47,0.09081169909664563,0.08767101727426052,0.08492728788405657,0.14798855315893888,0.00040751543756693446,0.5602080821990967
48,0.08981568437247049,0.08537719212472439,0.08062614966183901,0.1412884397432208,0.00039715242044697206,0.5575497150421143
49,0.08889803840290933,0.08640972711145878,0.0821577962487936,0.14307794533669949,0.0003863874392362493,0.6320185661315918
50,0.08841352501795405,0.08482500538229942,0.0791903454810381,0.13619031850248575,0.00037525000000000004,0.751009464263916
51,0.08757422687042327,0.08376325387507677,0.07567296735942364,0.13058790564537048,0.00036377062968501693,0.6202869415283203
52,0.08605454010622841,0.08354833163321018,0.0789422569796443,0.13439655117690563,0.0003519807924474122,0.6318502426147461
53,0.08564008417583648,0.08333147875964642,0.07702000997960567,0.13207817263901234,0.0003399128034115525,0.7067229747772217
54,0.0849765015854722,0.08273965399712324,0.0736745041795075,0.12702175416052341,0.0003275997400965494,0.7113535404205322
55,0.08391334045500982,0.08003312535583973,0.07226390298455954,0.12360360659658909,0.0003150753517530789,0.6128404140472412
56,0.08293767450820833,0.07946155313402414,0.07211298635229468,0.1241314085200429,0.0003023739668590309,0.6333112716674805
57,0.08272082340859231,0.07895085215568542,0.070619385689497,0.12037690728902817,0.00028953039902753766,0.8239450454711914
58,0.08091780365932555,0.07822143193334341,0.0717421337030828,0.11985546164214611,0.00027657985158527956,0.6688413619995117
59,0.08103911028731436,0.07871634140610695,0.07154592778533697,0.1199858533218503,0.0002635578210826145,0.6000192165374756
60,0.08113599533126467,0.07742563262581825,0.06919378088787198,0.11679801624268293,0.00025050000000000007,0.6183145046234131
61,0.07976640122277397,0.07710273563861847,0.06826178170740604,0.11673569865524769,0.00023744217891738555,0.5736844539642334
62,0.07954192338954835,0.07628303952515125,0.06849736766889691,0.11541031114757061,0.0002244201484147205,0.571068286895752
63,0.07835111252608754,0.07553936447948217,0.06757240043953061,0.11130308732390404,0.0002114696009724624,0.5864443778991699
64,0.07837432755955628,0.07612120918929577,0.06902834866195917,0.11563295964151621,0.00019862603314096903,0.5662310123443604
65,0.07735664965141387,0.07419462874531746,0.065221406519413,0.10645760968327522,0.00018592464824692109,0.5793342590332031
66,0.07627031189345178,0.07456338871270418,0.06527503719553351,0.10852831229567528,0.00017340025990345064,0.5742354393005371
67,0.07672856180440812,0.07417839113622904,0.06515994109213352,0.10639780014753342,0.00016108719658844759,0.5736737251281738
68,0.07615143309036891,0.07346815895289183,0.06437803944572806,0.10717796813696623,0.00014901920755258787,0.575192928314209
69,0.07552237436175346,0.0730423042550683,0.06412618793547153,0.1067293444648385,0.00013722937031498307,0.5704729557037354
70,0.07548073501813979,0.07371147908270359,0.06569828279316425,0.10735871735960245,0.00012575000000000005,0.5730576515197754
71,0.07490792976958412,0.07248835172504187,0.06322727911174297,0.10444245394319296,0.00011461256076375082,0.6172292232513428
72,0.07411642523393744,0.07277079671621323,0.0637013460509479,0.1055672187358141,0.00010384757955302797,0.6081140041351318
73,0.07373342370348317,0.07154109608381987,0.061580206733196974,0.1010740464553237,9.348456243306559e-05,0.5635085105895996
74,0.07331091564680849,0.07086005993187428,0.061116582714021206,0.10086309257894754,8.355191371346494e-05,0.6007091999053955
75,0.07306248109255518,0.07051997678354383,0.06094845570623875,0.09960758872330189,7.40768580939564e-05,0.6122708320617676
76,0.07248348778202421,0.0705830599181354,0.06048971367999911,0.09942479711025953,6.508536604339018e-05,0.5870499610900879
77,0.07223594277387574,0.06975207943469286,0.060027836821973324,0.09791730716824532,5.660208261648575e-05,0.6113619804382324
78,0.07247396957661424,0.06999454833567142,0.05947391968220472,0.09650979936122894,4.865025990345063e-05,0.5798239707946777
79,0.07203281555502188,0.06983206700533628,0.05966769717633724,0.09738444723188877,4.1251693297616726e-05,0.5671439170837402
80,0.07188282179690543,0.06974263628944755,0.05974276643246412,0.09768535941839218,3.442666175578254e-05,0.5873517990112305
81,0.07189547829329967,0.0695257531479001,0.05914404755458236,0.09719864837825298,2.8193872215002235e-05,0.605280876159668
82,0.07127608589473225,0.06927945232018828,0.05892290314659476,0.09620492905378342,2.2570408318171056e-05,0.5742270946502686
83,0.07128249224097956,0.06927859596908092,0.058837192598730326,0.09632984455674887,1.7571683588948164e-05,0.5765397548675537
84,0.07077014845396791,0.06924314983189106,0.0591852180659771,0.09680688753724098,1.3211399184359193e-05,0.5756235122680664
85,0.07141714569713388,0.06909796968102455,0.05850414978340268,0.09565114043653011,9.501506340877456e-06,0.590477705001831
86,0.07104076374144781,0.0690220957621932,0.058672236278653145,0.09571500774472952,6.45217361691548e-06,0.5698726177215576
87,0.07186863074700038,0.06905064173042774,0.058940968941897154,0.09611766319721937,4.071759021513154e-06,0.5640120506286621
88,0.07106026616834459,0.06908193929120898,0.05894364416599274,0.09602910093963146,2.3667871056157862e-06,0.6081998348236084
89,0.0710866426428159,0.06906360574066639,0.0589051665738225,0.09590820409357548,1.3419310787338286e-06,0.5893926620483398
90,0.07083684835760366,0.069081274792552,0.05889830365777016,0.09590996336191893,0.0005,0.5921187400817871
91,0.07796791621616908,0.07373270951211452,0.06700931629166007,0.11043933406472206,0.0004999145025814015,0.6350550651550293
92,0.07846799155785925,0.07638676930218935,0.07318094093352556,0.12490043975412846,0.0004996580689212662,0.6064393520355225
93,0.07799946924760229,0.07296986319124699,0.06641701934859157,0.11178353894501925,0.0004992308747664155,0.588261604309082
94,0.07727859701429095,0.07331019919365644,0.06621725810691714,0.10834571626037359,0.0004986332128943842,0.5969560146331787
95,0.07675885746166819,0.07299419119954109,0.06521595967933536,0.11081679537892342,0.0004978654929127657,0.5985875129699707
96,0.0768776298278854,0.07451789453625679,0.06680530123412609,0.1114155100658536,0.0004969282409784868,0.581200122833252
97,0.07644034620551836,0.07574614137411118,0.0691977720707655,0.1175713175907731,0.0004958220994372067,0.6474549770355225
98,0.07598043783080011,0.07178719295188785,0.06310153054073453,0.10634505748748779,0.0004945478263830845,0.5832722187042236
99,0.0744030298221679,0.07273579202592373,0.06564988801255822,0.11059919372200966,0.0004931062951392203,0.5806434154510498
100,0.07503140167821021,0.07182449335232377,0.06503333617001772,0.10792944952845573,0.0004914984936591225,0.6488215923309326
101,0.07384487090721017,0.07051977748051286,0.06448573712259531,0.10672720242291689,0.0004897255238496142,0.5816051959991455
102,0.0728473552458343,0.06987470062449574,0.06129670515656471,0.09990319330245256,0.00048778860081564085,0.6155767440795898
103,0.07322043331251257,0.0687782783061266,0.06093878950923681,0.10121269896626472,0.00048568905202749855,0.5764577388763428
104,0.07268928310700826,0.07015679217875004,0.06363098695874214,0.10586264356970787,0.0004834283164110518,0.5888948440551758
105,0.07211649941191786,0.0698987408541143,0.06334713706746697,0.10761793050915003,0.00048100794336156604,0.5774319171905518
106,0.07129653028789021,0.06855174899101257,0.0629374235868454,0.10597773920744658,0.0004784295916818289,0.5732414722442627
107,0.07100756058380717,0.06818706169724464,0.0598097238689661,0.10140736401081085,0.0004756950284452903,0.5842220783233643
108,0.07090300445755322,0.06675486359745264,0.059831367805600166,0.10054673999547958,0.0004728061277849978,0.5763163566589355
109,0.0691003039301861,0.06702770758420229,0.059080126229673624,0.09885971900075674,0.00046976486960916035,0.5683836936950684
110,0.07036724651143664,0.06740845274180174,0.060816819313913584,0.10126338619738817,0.0004665733382442175,0.5580899715423584
